/*M!999999\- enable the sandbox mode */ 
-- MariaDB dump 10.19  Distrib 10.11.14-MariaDB, for debian-linux-gnu (x86_64)
--
-- Host: localhost    Database: dns3_db
-- ------------------------------------------------------
-- Server version	10.11.14-MariaDB-0+deb12u2

/*!40101 SET @OLD_CHARACTER_SET_CLIENT=@@CHARACTER_SET_CLIENT */;
/*!40101 SET @OLD_CHARACTER_SET_RESULTS=@@CHARACTER_SET_RESULTS */;
/*!40101 SET @OLD_COLLATION_CONNECTION=@@COLLATION_CONNECTION */;
/*!40101 SET NAMES utf8mb4 */;
/*!40103 SET @OLD_TIME_ZONE=@@TIME_ZONE */;
/*!40103 SET TIME_ZONE='+00:00' */;
/*!40014 SET @OLD_UNIQUE_CHECKS=@@UNIQUE_CHECKS, UNIQUE_CHECKS=0 */;
/*!40014 SET @OLD_FOREIGN_KEY_CHECKS=@@FOREIGN_KEY_CHECKS, FOREIGN_KEY_CHECKS=0 */;
/*!40101 SET @OLD_SQL_MODE=@@SQL_MODE, SQL_MODE='NO_AUTO_VALUE_ON_ZERO' */;
/*!40111 SET @OLD_SQL_NOTES=@@SQL_NOTES, SQL_NOTES=0 */;

--
-- Table structure for table `acl_entries`
--

DROP TABLE IF EXISTS `acl_entries`;
/*!40101 SET @saved_cs_client     = @@character_set_client */;
/*!40101 SET character_set_client = utf8mb4 */;
CREATE TABLE `acl_entries` (
  `id` int(11) NOT NULL AUTO_INCREMENT,
  `user_id` int(11) DEFAULT NULL,
  `role_id` int(11) DEFAULT NULL,
  `resource_type` enum('dns_record','zone','global') NOT NULL,
  `resource_id` int(11) DEFAULT NULL,
  `zone_file_id` int(11) DEFAULT NULL COMMENT 'Reference to zone_files.id for zone ACL entries',
  `subject_type` enum('user','role','ad_group') DEFAULT NULL COMMENT 'Type of ACL subject',
  `subject_identifier` varchar(255) DEFAULT NULL COMMENT 'User ID/username, role name, or AD group DN',
  `permission` enum('read','write','delete','admin') NOT NULL,
  `status` enum('enabled','disabled') DEFAULT 'enabled',
  `created_by` int(11) NOT NULL,
  `created_at` timestamp NULL DEFAULT current_timestamp(),
  `updated_by` int(11) DEFAULT NULL,
  `updated_at` timestamp NULL DEFAULT NULL ON UPDATE current_timestamp(),
  PRIMARY KEY (`id`),
  KEY `created_by` (`created_by`),
  KEY `updated_by` (`updated_by`),
  KEY `idx_user_id` (`user_id`),
  KEY `idx_role_id` (`role_id`),
  KEY `idx_resource` (`resource_type`,`resource_id`),
  KEY `idx_status` (`status`),
  KEY `idx_zone_file_id` (`zone_file_id`),
  KEY `idx_acl_subject` (`subject_type`,`subject_identifier`(100)),
  CONSTRAINT `acl_entries_ibfk_1` FOREIGN KEY (`user_id`) REFERENCES `users` (`id`) ON DELETE CASCADE,
  CONSTRAINT `acl_entries_ibfk_2` FOREIGN KEY (`role_id`) REFERENCES `roles` (`id`) ON DELETE CASCADE,
  CONSTRAINT `acl_entries_ibfk_3` FOREIGN KEY (`created_by`) REFERENCES `users` (`id`),
  CONSTRAINT `acl_entries_ibfk_4` FOREIGN KEY (`updated_by`) REFERENCES `users` (`id`)
) ENGINE=InnoDB AUTO_INCREMENT=3 DEFAULT CHARSET=utf8mb4 COLLATE=utf8mb4_unicode_ci;
/*!40101 SET character_set_client = @saved_cs_client */;

--
-- Dumping data for table `acl_entries`
--

LOCK TABLES `acl_entries` WRITE;
/*!40000 ALTER TABLE `acl_entries` DISABLE KEYS */;
INSERT INTO `acl_entries` VALUES
(1,NULL,NULL,'dns_record',NULL,54010,'user','toto','admin','enabled',2,'2025-11-28 14:38:21',NULL,'2025-11-28 14:47:12'),
(2,NULL,NULL,'dns_record',NULL,54010,'user','titi','read','enabled',2,'2025-11-29 17:52:55',NULL,NULL);
/*!40000 ALTER TABLE `acl_entries` ENABLE KEYS */;
UNLOCK TABLES;

--
-- Table structure for table `acl_history`
--

DROP TABLE IF EXISTS `acl_history`;
/*!40101 SET @saved_cs_client     = @@character_set_client */;
/*!40101 SET character_set_client = utf8mb4 */;
CREATE TABLE `acl_history` (
  `id` int(11) NOT NULL AUTO_INCREMENT,
  `acl_id` int(11) NOT NULL,
  `action` enum('created','updated','status_changed') NOT NULL,
  `user_id` int(11) DEFAULT NULL,
  `role_id` int(11) DEFAULT NULL,
  `resource_type` enum('dns_record','zone','global') NOT NULL,
  `resource_id` int(11) DEFAULT NULL,
  `permission` enum('read','write','delete','admin') NOT NULL,
  `old_status` enum('enabled','disabled') DEFAULT NULL,
  `new_status` enum('enabled','disabled') NOT NULL,
  `changed_by` int(11) NOT NULL,
  `changed_at` timestamp NULL DEFAULT current_timestamp(),
  `notes` text DEFAULT NULL,
  PRIMARY KEY (`id`),
  KEY `changed_by` (`changed_by`),
  KEY `idx_acl_id` (`acl_id`),
  KEY `idx_action` (`action`),
  KEY `idx_changed_at` (`changed_at`),
  CONSTRAINT `acl_history_ibfk_1` FOREIGN KEY (`acl_id`) REFERENCES `acl_entries` (`id`) ON DELETE CASCADE,
  CONSTRAINT `acl_history_ibfk_2` FOREIGN KEY (`changed_by`) REFERENCES `users` (`id`)
) ENGINE=InnoDB DEFAULT CHARSET=utf8mb4 COLLATE=utf8mb4_unicode_ci;
/*!40101 SET character_set_client = @saved_cs_client */;

--
-- Dumping data for table `acl_history`
--

LOCK TABLES `acl_history` WRITE;
/*!40000 ALTER TABLE `acl_history` DISABLE KEYS */;
/*!40000 ALTER TABLE `acl_history` ENABLE KEYS */;
UNLOCK TABLES;

--
-- Table structure for table `api_tokens`
--

DROP TABLE IF EXISTS `api_tokens`;
/*!40101 SET @saved_cs_client     = @@character_set_client */;
/*!40101 SET character_set_client = utf8mb4 */;
CREATE TABLE `api_tokens` (
  `id` int(11) NOT NULL AUTO_INCREMENT,
  `user_id` int(11) NOT NULL,
  `token_name` varchar(255) NOT NULL COMMENT 'Human-readable name for the token',
  `token_hash` varchar(255) NOT NULL COMMENT 'SHA-256 hash of the token',
  `token_prefix` varchar(20) NOT NULL COMMENT 'First few characters for identification',
  `last_used_at` timestamp NULL DEFAULT NULL,
  `expires_at` timestamp NULL DEFAULT NULL COMMENT 'NULL means no expiration',
  `created_at` timestamp NULL DEFAULT current_timestamp(),
  `revoked_at` timestamp NULL DEFAULT NULL COMMENT 'NULL means active, set to revoke',
  `created_by` int(11) NOT NULL,
  PRIMARY KEY (`id`),
  UNIQUE KEY `token_hash` (`token_hash`),
  KEY `idx_user_id` (`user_id`),
  KEY `idx_token_prefix` (`token_prefix`),
  KEY `idx_revoked_at` (`revoked_at`),
  KEY `idx_expires_at` (`expires_at`),
  KEY `api_tokens_ibfk_2` (`created_by`),
  KEY `idx_token_lookup` (`token_hash`,`revoked_at`,`expires_at`),
  CONSTRAINT `api_tokens_ibfk_1` FOREIGN KEY (`user_id`) REFERENCES `users` (`id`) ON DELETE CASCADE,
  CONSTRAINT `api_tokens_ibfk_2` FOREIGN KEY (`created_by`) REFERENCES `users` (`id`)
) ENGINE=InnoDB DEFAULT CHARSET=utf8mb4 COLLATE=utf8mb4_unicode_ci;
/*!40101 SET character_set_client = @saved_cs_client */;

--
-- Dumping data for table `api_tokens`
--

LOCK TABLES `api_tokens` WRITE;
/*!40000 ALTER TABLE `api_tokens` DISABLE KEYS */;
/*!40000 ALTER TABLE `api_tokens` ENABLE KEYS */;
UNLOCK TABLES;

--
-- Table structure for table `auth_mappings`
--

DROP TABLE IF EXISTS `auth_mappings`;
/*!40101 SET @saved_cs_client     = @@character_set_client */;
/*!40101 SET character_set_client = utf8mb4 */;
CREATE TABLE `auth_mappings` (
  `id` int(11) NOT NULL AUTO_INCREMENT,
  `source` enum('ad','ldap') NOT NULL,
  `dn_or_group` varchar(255) NOT NULL COMMENT 'AD group CN or LDAP DN/OU path',
  `role_id` int(11) NOT NULL,
  `created_by` int(11) DEFAULT NULL,
  `created_at` timestamp NULL DEFAULT current_timestamp(),
  `notes` text DEFAULT NULL COMMENT 'Optional description of this mapping',
  PRIMARY KEY (`id`),
  UNIQUE KEY `uq_mapping` (`source`,`dn_or_group`,`role_id`),
  KEY `created_by` (`created_by`),
  KEY `idx_source` (`source`),
  KEY `idx_role_id` (`role_id`),
  CONSTRAINT `auth_mappings_ibfk_1` FOREIGN KEY (`role_id`) REFERENCES `roles` (`id`) ON DELETE CASCADE,
  CONSTRAINT `auth_mappings_ibfk_2` FOREIGN KEY (`created_by`) REFERENCES `users` (`id`) ON DELETE SET NULL
) ENGINE=InnoDB AUTO_INCREMENT=2 DEFAULT CHARSET=utf8mb4 COLLATE=utf8mb4_unicode_ci;
/*!40101 SET character_set_client = @saved_cs_client */;

--
-- Dumping data for table `auth_mappings`
--

LOCK TABLES `auth_mappings` WRITE;
/*!40000 ALTER TABLE `auth_mappings` DISABLE KEYS */;
INSERT INTO `auth_mappings` VALUES
(1,'ad','CN=DNSAdmins,OU=Groups,DC=example,DC=com',2,1,'2025-10-20 09:21:09','');
/*!40000 ALTER TABLE `auth_mappings` ENABLE KEYS */;
UNLOCK TABLES;

--
-- Table structure for table `dns_record_history`
--

DROP TABLE IF EXISTS `dns_record_history`;
/*!40101 SET @saved_cs_client     = @@character_set_client */;
/*!40101 SET character_set_client = utf8mb4 */;
CREATE TABLE `dns_record_history` (
  `id` int(11) NOT NULL AUTO_INCREMENT,
  `record_id` int(11) NOT NULL,
  `zone_file_id` int(11) DEFAULT NULL,
  `action` enum('created','updated','status_changed') NOT NULL,
  `record_type` varchar(50) NOT NULL,
  `name` varchar(255) NOT NULL,
  `value` text NOT NULL,
  `address_ipv4` varchar(15) DEFAULT NULL,
  `address_ipv6` varchar(45) DEFAULT NULL,
  `cname_target` varchar(255) DEFAULT NULL,
  `ptrdname` varchar(255) DEFAULT NULL,
  `txt` text DEFAULT NULL,
  `ttl` int(11) DEFAULT NULL,
  `priority` int(11) DEFAULT NULL,
  `old_status` enum('active','disabled','deleted') DEFAULT NULL,
  `new_status` enum('active','disabled','deleted') NOT NULL,
  `changed_by` int(11) NOT NULL,
  `changed_at` timestamp NULL DEFAULT current_timestamp(),
  `notes` text DEFAULT NULL,
  PRIMARY KEY (`id`),
  KEY `changed_by` (`changed_by`),
  KEY `idx_record_id` (`record_id`),
  KEY `idx_action` (`action`),
  KEY `idx_changed_at` (`changed_at`),
  CONSTRAINT `dns_record_history_ibfk_1` FOREIGN KEY (`record_id`) REFERENCES `dns_records` (`id`) ON DELETE CASCADE,
  CONSTRAINT `dns_record_history_ibfk_2` FOREIGN KEY (`changed_by`) REFERENCES `users` (`id`)
) ENGINE=InnoDB AUTO_INCREMENT=60 DEFAULT CHARSET=utf8mb4 COLLATE=utf8mb4_unicode_ci;
/*!40101 SET character_set_client = @saved_cs_client */;

--
-- Dumping data for table `dns_record_history`
--

LOCK TABLES `dns_record_history` WRITE;
/*!40000 ALTER TABLE `dns_record_history` DISABLE KEYS */;
INSERT INTO `dns_record_history` VALUES
(16,218771,53991,'updated','A','host1','198.51.220.183','198.51.220.183',NULL,NULL,NULL,NULL,NULL,NULL,'active','active',2,'2025-11-13 21:49:34','Record updated'),
(17,218851,53991,'created','A','test','192.168.110.1','192.168.110.1',NULL,NULL,NULL,NULL,NULL,NULL,NULL,'active',2,'2025-11-13 21:50:10','Record created'),
(18,218852,53991,'created','A','retert','192.168.1.1','192.168.1.1',NULL,NULL,NULL,NULL,NULL,NULL,NULL,'active',2,'2025-11-26 08:24:04','Record created'),
(19,218852,53991,'updated','A','retert','192.168.1.1','192.168.1.1',NULL,NULL,NULL,NULL,NULL,NULL,'active','active',2,'2025-11-28 18:58:39','Record updated'),
(20,218853,54010,'created','A','testtoto','192.168.1.1','192.168.1.1',NULL,NULL,NULL,NULL,NULL,NULL,NULL,'active',3,'2025-11-29 17:47:43','Record created'),
(21,218853,54010,'status_changed','A','testtoto','192.168.1.1','192.168.1.1',NULL,NULL,NULL,NULL,NULL,NULL,'active','deleted',3,'2025-11-29 17:47:55','Status changed from active to deleted'),
(22,218854,54010,'created','A','testtoto','192.168.1.1','192.168.1.1',NULL,NULL,NULL,NULL,NULL,NULL,NULL,'active',3,'2025-11-29 18:42:11','Record created'),
(23,218854,54010,'updated','A','testtoto','192.168.1.2','192.168.1.2',NULL,NULL,NULL,NULL,NULL,NULL,'active','active',2,'2025-12-04 10:24:10','Record updated'),
(24,218854,54010,'updated','A','testtoti','192.168.1.2','192.168.1.2',NULL,NULL,NULL,NULL,NULL,NULL,'active','active',2,'2025-12-04 10:24:48','Record updated'),
(25,218854,54010,'updated','A','testtoti','192.168.1.3','192.168.1.3',NULL,NULL,NULL,NULL,NULL,NULL,'active','active',2,'2025-12-04 10:25:44','Record updated'),
(26,218854,54010,'updated','A','testtoti','192.168.1.4','192.168.1.4',NULL,NULL,NULL,NULL,NULL,NULL,'active','active',2,'2025-12-04 10:48:44','Record updated'),
(27,218854,54010,'updated','A','testtoti','192.168.1.5','192.168.1.5',NULL,NULL,NULL,NULL,NULL,NULL,'active','active',2,'2025-12-04 10:48:49','Record updated'),
(28,218854,54010,'updated','A','testtoti','192.168.1.6','192.168.1.6',NULL,NULL,NULL,NULL,NULL,NULL,'active','active',2,'2025-12-04 10:48:55','Record updated'),
(29,218854,54010,'updated','A','testtoti','192.168.1.7','192.168.1.7',NULL,NULL,NULL,NULL,NULL,NULL,'active','active',2,'2025-12-04 10:48:59','Record updated'),
(30,218854,54010,'updated','A','testtoti','192.168.1.8','192.168.1.8',NULL,NULL,NULL,NULL,NULL,NULL,'active','active',2,'2025-12-04 10:49:04','Record updated'),
(31,218854,54010,'updated','A','testtoti','192.168.1.9','192.168.1.9',NULL,NULL,NULL,NULL,NULL,NULL,'active','active',2,'2025-12-04 10:49:10','Record updated'),
(32,218854,54010,'updated','A','testtoti','192.168.1.10','192.168.1.10',NULL,NULL,NULL,NULL,NULL,NULL,'active','active',2,'2025-12-04 10:49:17','Record updated'),
(33,218854,54010,'updated','A','testtoti','192.168.1.11','192.168.1.11',NULL,NULL,NULL,NULL,NULL,NULL,'active','active',2,'2025-12-04 10:49:23','Record updated'),
(34,218854,54010,'updated','A','testtoti','192.168.1.12','192.168.1.12',NULL,NULL,NULL,NULL,NULL,NULL,'active','active',2,'2025-12-04 10:50:49','Record updated'),
(35,218854,54010,'updated','A','testtoti','192.168.1.13','192.168.1.13',NULL,NULL,NULL,NULL,NULL,NULL,'active','active',2,'2025-12-04 10:50:53','Record updated'),
(36,218854,54010,'updated','A','testtoti','192.168.1.14','192.168.1.14',NULL,NULL,NULL,NULL,NULL,NULL,'active','active',2,'2025-12-04 10:50:59','Record updated'),
(37,218855,54010,'created','A','same','192.168.1.20','192.168.1.20',NULL,NULL,NULL,NULL,NULL,NULL,NULL,'active',2,'2025-12-04 11:19:53','Record created'),
(38,218856,54006,'created','A','same','192.168.2.1','192.168.2.1',NULL,NULL,NULL,NULL,NULL,NULL,NULL,'active',2,'2025-12-04 11:20:49','Record created'),
(39,218857,54010,'created','A','same','192.168.3.2','192.168.3.2',NULL,NULL,NULL,NULL,NULL,NULL,NULL,'active',2,'2025-12-04 11:23:51','Record created'),
(40,218857,54010,'status_changed','A','same','192.168.3.2','192.168.3.2',NULL,NULL,NULL,NULL,NULL,NULL,'active','deleted',2,'2025-12-04 11:24:06','Status changed from active to deleted'),
(41,218857,54010,'status_changed','A','same','192.168.3.2','192.168.3.2',NULL,NULL,NULL,NULL,NULL,NULL,'deleted','active',2,'2025-12-04 11:24:28','Status changed from deleted to active'),
(42,218854,54010,'updated','A','testtoti','192.168.1.15','192.168.1.15',NULL,NULL,NULL,NULL,NULL,NULL,'active','active',2,'2025-12-04 11:30:24','Record updated'),
(43,218854,54010,'updated','A','testtoti','192.168.1.16','192.168.1.16',NULL,NULL,NULL,NULL,NULL,NULL,'active','active',2,'2025-12-04 11:30:32','Record updated'),
(44,218854,54010,'updated','A','testtoti','192.168.1.17','192.168.1.17',NULL,NULL,NULL,NULL,NULL,NULL,'active','active',2,'2025-12-04 11:30:47','Record updated'),
(45,218854,54010,'updated','A','testtoti','192.168.1.18','192.168.1.18',NULL,NULL,NULL,NULL,NULL,NULL,'active','active',2,'2025-12-04 11:30:54','Record updated'),
(46,218854,54010,'updated','A','testtoti','192.168.1.19','192.168.1.19',NULL,NULL,NULL,NULL,NULL,NULL,'active','active',2,'2025-12-04 11:31:09','Record updated'),
(47,218854,54010,'updated','A','testtoti','192.168.1.20','192.168.1.20',NULL,NULL,NULL,NULL,NULL,NULL,'active','active',2,'2025-12-04 11:31:17','Record updated'),
(48,218854,54010,'updated','A','testtoti','192.168.1.21','192.168.1.21',NULL,NULL,NULL,NULL,NULL,NULL,'active','active',2,'2025-12-04 11:31:25','Record updated'),
(49,218854,54010,'updated','A','testtoti','192.168.1.22','192.168.1.22',NULL,NULL,NULL,NULL,NULL,NULL,'active','active',2,'2025-12-04 11:31:33','Record updated'),
(50,218857,54010,'updated','A','same','192.168.3.4','192.168.3.4',NULL,NULL,NULL,NULL,NULL,NULL,'active','active',2,'2025-12-05 07:32:56','Record updated'),
(51,218857,54010,'updated','A','same','192.168.3.5','192.168.3.5',NULL,NULL,NULL,NULL,NULL,NULL,'active','active',2,'2025-12-05 12:04:14','Record updated'),
(52,218858,54010,'created','A','dfgdf','192.168.3.4','192.168.3.4',NULL,NULL,NULL,NULL,NULL,NULL,NULL,'active',2,'2025-12-05 12:16:34','Record created'),
(53,218859,54010,'created','MX','retert','reter',NULL,NULL,NULL,NULL,NULL,300,10,NULL,'active',2,'2025-12-05 12:51:55','Record created'),
(54,218860,54010,'created','NS','sfdfs','sdfsdf',NULL,NULL,NULL,NULL,NULL,NULL,NULL,NULL,'active',2,'2025-12-05 12:55:00','Record created'),
(55,218861,54011,'created','NS','ns1','ns1.test.com.',NULL,NULL,NULL,NULL,NULL,NULL,NULL,NULL,'active',2,'2025-12-08 06:38:25','Record created'),
(56,218861,54011,'updated','NS','@','ns1.test.com.',NULL,NULL,NULL,NULL,NULL,NULL,NULL,'active','active',2,'2025-12-08 09:29:57','Record updated'),
(57,218862,54011,'created','A','ns1','192.168.1.1','192.168.1.1',NULL,NULL,NULL,NULL,NULL,NULL,NULL,'active',2,'2025-12-08 10:12:31','Record created'),
(58,218863,54011,'created','A','ghfgh','192.168.1.1','192.168.1.1',NULL,NULL,NULL,NULL,NULL,NULL,NULL,'active',2,'2025-12-08 11:01:52','Record created'),
(59,218855,54010,'status_changed','A','same','192.168.1.20','192.168.1.20',NULL,NULL,NULL,NULL,NULL,NULL,'active','deleted',2,'2025-12-08 11:06:25','Status changed from active to deleted');
/*!40000 ALTER TABLE `dns_record_history` ENABLE KEYS */;
UNLOCK TABLES;

--
-- Table structure for table `dns_records`
--

DROP TABLE IF EXISTS `dns_records`;
/*!40101 SET @saved_cs_client     = @@character_set_client */;
/*!40101 SET character_set_client = utf8mb4 */;
CREATE TABLE `dns_records` (
  `id` int(11) NOT NULL AUTO_INCREMENT,
  `zone_file_id` int(11) DEFAULT NULL COMMENT 'Associated zone file',
  `record_type` varchar(50) NOT NULL,
  `name` varchar(255) NOT NULL,
  `value` text NOT NULL,
  `address_ipv4` varchar(15) DEFAULT NULL COMMENT 'IPv4 address for A records',
  `address_ipv6` varchar(45) DEFAULT NULL COMMENT 'IPv6 address for AAAA records',
  `cname_target` varchar(255) DEFAULT NULL COMMENT 'Target hostname for CNAME records',
  `ptrdname` varchar(255) DEFAULT NULL COMMENT 'Reverse DNS name for PTR records',
  `txt` text DEFAULT NULL COMMENT 'Text content for TXT records',
  `ttl` int(11) DEFAULT 3600,
  `priority` int(11) DEFAULT NULL,
  `requester` varchar(255) DEFAULT NULL COMMENT 'Person or system requesting this DNS record',
  `status` enum('active','disabled','deleted') DEFAULT 'active',
  `created_by` int(11) NOT NULL,
  `created_at` timestamp NULL DEFAULT current_timestamp(),
  `updated_by` int(11) DEFAULT NULL,
  `updated_at` timestamp NULL DEFAULT NULL ON UPDATE current_timestamp(),
  `expires_at` datetime DEFAULT NULL COMMENT 'Expiration date for temporary records',
  `ticket_ref` varchar(255) DEFAULT NULL COMMENT 'Reference to ticket system (JIRA, ServiceNow, etc.)',
  `comment` text DEFAULT NULL COMMENT 'Additional notes or comments about this record',
  `last_seen` datetime DEFAULT NULL COMMENT 'Last time this record was viewed (server-managed)',
  `port` int(11) DEFAULT NULL COMMENT 'Port number for SRV records',
  `weight` int(11) DEFAULT NULL COMMENT 'Weight for SRV records',
  `srv_target` varchar(255) DEFAULT NULL COMMENT 'Target hostname for SRV records',
  `tlsa_usage` tinyint(4) DEFAULT NULL COMMENT 'TLSA certificate usage (0-3)',
  `tlsa_selector` tinyint(4) DEFAULT NULL COMMENT 'TLSA selector (0=full cert, 1=SubjectPublicKeyInfo)',
  `tlsa_matching` tinyint(4) DEFAULT NULL COMMENT 'TLSA matching type (0=exact, 1=SHA256, 2=SHA512)',
  `tlsa_data` text DEFAULT NULL COMMENT 'TLSA certificate association data (hex)',
  `sshfp_algo` tinyint(4) DEFAULT NULL COMMENT 'SSHFP algorithm (1=RSA, 2=DSA, 3=ECDSA, 4=Ed25519)',
  `sshfp_type` tinyint(4) DEFAULT NULL COMMENT 'SSHFP fingerprint type (1=SHA1, 2=SHA256)',
  `sshfp_fingerprint` text DEFAULT NULL COMMENT 'SSHFP fingerprint (hex)',
  `caa_flag` tinyint(4) DEFAULT NULL COMMENT 'CAA critical flag (0 or 128)',
  `caa_tag` varchar(32) DEFAULT NULL COMMENT 'CAA tag (issue, issuewild, iodef)',
  `caa_value` text DEFAULT NULL COMMENT 'CAA value (e.g., letsencrypt.org)',
  `naptr_order` int(11) DEFAULT NULL COMMENT 'NAPTR order (lower = higher priority)',
  `naptr_pref` int(11) DEFAULT NULL COMMENT 'NAPTR preference (lower = higher priority)',
  `naptr_flags` varchar(16) DEFAULT NULL COMMENT 'NAPTR flags (e.g., U, S, A)',
  `naptr_service` varchar(64) DEFAULT NULL COMMENT 'NAPTR service (e.g., E2U+sip)',
  `naptr_regexp` text DEFAULT NULL COMMENT 'NAPTR regexp substitution expression',
  `naptr_replacement` varchar(255) DEFAULT NULL COMMENT 'NAPTR replacement domain',
  `svc_priority` int(11) DEFAULT NULL COMMENT 'SVCB/HTTPS priority (0=AliasMode)',
  `svc_target` varchar(255) DEFAULT NULL COMMENT 'SVCB/HTTPS target name',
  `svc_params` text DEFAULT NULL COMMENT 'SVCB/HTTPS params (JSON or key=value pairs)',
  `ns_target` varchar(255) DEFAULT NULL COMMENT 'NS record target nameserver',
  `mx_target` varchar(255) DEFAULT NULL COMMENT 'MX record target mail server',
  `dname_target` varchar(255) DEFAULT NULL COMMENT 'DNAME record target',
  `rp_mbox` varchar(255) DEFAULT NULL COMMENT 'RP mailbox (email as domain)',
  `rp_txt` varchar(255) DEFAULT NULL COMMENT 'RP TXT domain reference',
  `loc_latitude` varchar(50) DEFAULT NULL COMMENT 'LOC latitude',
  `loc_longitude` varchar(50) DEFAULT NULL COMMENT 'LOC longitude',
  `loc_altitude` varchar(50) DEFAULT NULL COMMENT 'LOC altitude',
  `rdata_json` text DEFAULT NULL COMMENT 'JSON storage for complex record data',
  PRIMARY KEY (`id`),
  KEY `updated_by` (`updated_by`),
  KEY `idx_name` (`name`),
  KEY `idx_status` (`status`),
  KEY `idx_created_by` (`created_by`),
  KEY `idx_expires_at` (`expires_at`),
  KEY `idx_ticket_ref` (`ticket_ref`),
  KEY `idx_address_ipv4` (`address_ipv4`),
  KEY `idx_address_ipv6` (`address_ipv6`),
  KEY `idx_cname_target` (`cname_target`),
  KEY `idx_zone_file_id` (`zone_file_id`),
  KEY `idx_type` (`record_type`),
  KEY `idx_srv_target` (`srv_target`),
  KEY `idx_mx_target` (`mx_target`),
  KEY `idx_ns_target` (`ns_target`),
  CONSTRAINT `dns_records_ibfk_1` FOREIGN KEY (`created_by`) REFERENCES `users` (`id`),
  CONSTRAINT `dns_records_ibfk_2` FOREIGN KEY (`updated_by`) REFERENCES `users` (`id`)
) ENGINE=InnoDB AUTO_INCREMENT=218864 DEFAULT CHARSET=utf8mb4 COLLATE=utf8mb4_unicode_ci;
/*!40101 SET character_set_client = @saved_cs_client */;

--
-- Dumping data for table `dns_records`
--

LOCK TABLES `dns_records` WRITE;
/*!40000 ALTER TABLE `dns_records` DISABLE KEYS */;
INSERT INTO `dns_records` VALUES
(218771,53991,'A','host1','198.51.220.183','198.51.220.183',NULL,NULL,NULL,NULL,NULL,NULL,NULL,'active',1,'2025-11-11 10:14:00',2,'2025-12-05 11:56:00',NULL,NULL,NULL,NULL,NULL,NULL,NULL,NULL,NULL,NULL,NULL,NULL,NULL,NULL,NULL,NULL,NULL,NULL,NULL,NULL,NULL,NULL,NULL,NULL,NULL,NULL,NULL,NULL,NULL,NULL,NULL,NULL,NULL,NULL,NULL),
(218772,53991,'A','host2','198.51.44.126','198.51.44.126',NULL,NULL,NULL,NULL,3600,NULL,NULL,'active',1,'2025-11-11 10:14:00',NULL,'2025-12-05 11:56:00',NULL,NULL,NULL,NULL,NULL,NULL,NULL,NULL,NULL,NULL,NULL,NULL,NULL,NULL,NULL,NULL,NULL,NULL,NULL,NULL,NULL,NULL,NULL,NULL,NULL,NULL,NULL,NULL,NULL,NULL,NULL,NULL,NULL,NULL,NULL),
(218773,53991,'A','host3','198.51.51.33','198.51.51.33',NULL,NULL,NULL,NULL,3600,NULL,NULL,'active',1,'2025-11-11 10:14:00',NULL,'2025-12-05 11:56:00',NULL,NULL,NULL,NULL,NULL,NULL,NULL,NULL,NULL,NULL,NULL,NULL,NULL,NULL,NULL,NULL,NULL,NULL,NULL,NULL,NULL,NULL,NULL,NULL,NULL,NULL,NULL,NULL,NULL,NULL,NULL,NULL,NULL,NULL,NULL),
(218774,53991,'A','host4','198.51.166.129','198.51.166.129',NULL,NULL,NULL,NULL,3600,NULL,NULL,'active',1,'2025-11-11 10:14:00',NULL,'2025-12-05 11:56:00',NULL,NULL,NULL,NULL,NULL,NULL,NULL,NULL,NULL,NULL,NULL,NULL,NULL,NULL,NULL,NULL,NULL,NULL,NULL,NULL,NULL,NULL,NULL,NULL,NULL,NULL,NULL,NULL,NULL,NULL,NULL,NULL,NULL,NULL,NULL),
(218775,53991,'A','host5','198.51.53.130','198.51.53.130',NULL,NULL,NULL,NULL,3600,NULL,NULL,'active',1,'2025-11-11 10:14:00',NULL,'2025-12-05 11:56:00',NULL,NULL,NULL,NULL,NULL,NULL,NULL,NULL,NULL,NULL,NULL,NULL,NULL,NULL,NULL,NULL,NULL,NULL,NULL,NULL,NULL,NULL,NULL,NULL,NULL,NULL,NULL,NULL,NULL,NULL,NULL,NULL,NULL,NULL,NULL),
(218776,53992,'A','host1','198.51.136.210','198.51.136.210',NULL,NULL,NULL,NULL,3600,NULL,NULL,'active',1,'2025-11-11 10:14:00',NULL,'2025-12-05 11:56:00',NULL,NULL,NULL,NULL,NULL,NULL,NULL,NULL,NULL,NULL,NULL,NULL,NULL,NULL,NULL,NULL,NULL,NULL,NULL,NULL,NULL,NULL,NULL,NULL,NULL,NULL,NULL,NULL,NULL,NULL,NULL,NULL,NULL,NULL,NULL),
(218777,53992,'A','host2','198.51.184.233','198.51.184.233',NULL,NULL,NULL,NULL,3600,NULL,NULL,'active',1,'2025-11-11 10:14:00',NULL,'2025-12-05 11:56:00',NULL,NULL,NULL,NULL,NULL,NULL,NULL,NULL,NULL,NULL,NULL,NULL,NULL,NULL,NULL,NULL,NULL,NULL,NULL,NULL,NULL,NULL,NULL,NULL,NULL,NULL,NULL,NULL,NULL,NULL,NULL,NULL,NULL,NULL,NULL),
(218778,53992,'A','host3','198.51.44.197','198.51.44.197',NULL,NULL,NULL,NULL,3600,NULL,NULL,'active',1,'2025-11-11 10:14:00',NULL,'2025-12-05 11:56:00',NULL,NULL,NULL,NULL,NULL,NULL,NULL,NULL,NULL,NULL,NULL,NULL,NULL,NULL,NULL,NULL,NULL,NULL,NULL,NULL,NULL,NULL,NULL,NULL,NULL,NULL,NULL,NULL,NULL,NULL,NULL,NULL,NULL,NULL,NULL),
(218779,53992,'A','host4','198.51.64.27','198.51.64.27',NULL,NULL,NULL,NULL,3600,NULL,NULL,'active',1,'2025-11-11 10:14:00',NULL,'2025-12-05 11:56:00',NULL,NULL,NULL,NULL,NULL,NULL,NULL,NULL,NULL,NULL,NULL,NULL,NULL,NULL,NULL,NULL,NULL,NULL,NULL,NULL,NULL,NULL,NULL,NULL,NULL,NULL,NULL,NULL,NULL,NULL,NULL,NULL,NULL,NULL,NULL),
(218780,53992,'A','host5','198.51.34.48','198.51.34.48',NULL,NULL,NULL,NULL,3600,NULL,NULL,'active',1,'2025-11-11 10:14:00',NULL,'2025-12-05 11:56:00',NULL,NULL,NULL,NULL,NULL,NULL,NULL,NULL,NULL,NULL,NULL,NULL,NULL,NULL,NULL,NULL,NULL,NULL,NULL,NULL,NULL,NULL,NULL,NULL,NULL,NULL,NULL,NULL,NULL,NULL,NULL,NULL,NULL,NULL,NULL),
(218781,53990,'A','host1','198.51.53.175','198.51.53.175',NULL,NULL,NULL,NULL,3600,NULL,NULL,'active',1,'2025-11-11 10:14:00',NULL,'2025-12-05 11:56:00',NULL,NULL,NULL,NULL,NULL,NULL,NULL,NULL,NULL,NULL,NULL,NULL,NULL,NULL,NULL,NULL,NULL,NULL,NULL,NULL,NULL,NULL,NULL,NULL,NULL,NULL,NULL,NULL,NULL,NULL,NULL,NULL,NULL,NULL,NULL),
(218782,53990,'A','host2','198.51.145.183','198.51.145.183',NULL,NULL,NULL,NULL,3600,NULL,NULL,'active',1,'2025-11-11 10:14:00',NULL,'2025-12-05 11:56:00',NULL,NULL,NULL,NULL,NULL,NULL,NULL,NULL,NULL,NULL,NULL,NULL,NULL,NULL,NULL,NULL,NULL,NULL,NULL,NULL,NULL,NULL,NULL,NULL,NULL,NULL,NULL,NULL,NULL,NULL,NULL,NULL,NULL,NULL,NULL),
(218783,53990,'A','host3','198.51.73.210','198.51.73.210',NULL,NULL,NULL,NULL,3600,NULL,NULL,'active',1,'2025-11-11 10:14:00',NULL,'2025-12-05 11:56:00',NULL,NULL,NULL,NULL,NULL,NULL,NULL,NULL,NULL,NULL,NULL,NULL,NULL,NULL,NULL,NULL,NULL,NULL,NULL,NULL,NULL,NULL,NULL,NULL,NULL,NULL,NULL,NULL,NULL,NULL,NULL,NULL,NULL,NULL,NULL),
(218784,53990,'A','host4','198.51.125.73','198.51.125.73',NULL,NULL,NULL,NULL,3600,NULL,NULL,'active',1,'2025-11-11 10:14:00',NULL,'2025-12-05 11:56:00',NULL,NULL,NULL,NULL,NULL,NULL,NULL,NULL,NULL,NULL,NULL,NULL,NULL,NULL,NULL,NULL,NULL,NULL,NULL,NULL,NULL,NULL,NULL,NULL,NULL,NULL,NULL,NULL,NULL,NULL,NULL,NULL,NULL,NULL,NULL),
(218785,53990,'A','host5','198.51.217.41','198.51.217.41',NULL,NULL,NULL,NULL,3600,NULL,NULL,'active',1,'2025-11-11 10:14:00',NULL,'2025-12-05 11:56:00',NULL,NULL,NULL,NULL,NULL,NULL,NULL,NULL,NULL,NULL,NULL,NULL,NULL,NULL,NULL,NULL,NULL,NULL,NULL,NULL,NULL,NULL,NULL,NULL,NULL,NULL,NULL,NULL,NULL,NULL,NULL,NULL,NULL,NULL,NULL),
(218786,53994,'A','host1','198.51.102.213','198.51.102.213',NULL,NULL,NULL,NULL,3600,NULL,NULL,'active',1,'2025-11-11 10:14:00',NULL,'2025-12-05 11:56:00',NULL,NULL,NULL,NULL,NULL,NULL,NULL,NULL,NULL,NULL,NULL,NULL,NULL,NULL,NULL,NULL,NULL,NULL,NULL,NULL,NULL,NULL,NULL,NULL,NULL,NULL,NULL,NULL,NULL,NULL,NULL,NULL,NULL,NULL,NULL),
(218787,53994,'A','host2','198.51.163.229','198.51.163.229',NULL,NULL,NULL,NULL,3600,NULL,NULL,'active',1,'2025-11-11 10:14:00',NULL,'2025-12-05 11:56:00',NULL,NULL,NULL,NULL,NULL,NULL,NULL,NULL,NULL,NULL,NULL,NULL,NULL,NULL,NULL,NULL,NULL,NULL,NULL,NULL,NULL,NULL,NULL,NULL,NULL,NULL,NULL,NULL,NULL,NULL,NULL,NULL,NULL,NULL,NULL),
(218788,53994,'A','host3','198.51.100.47','198.51.100.47',NULL,NULL,NULL,NULL,3600,NULL,NULL,'active',1,'2025-11-11 10:14:00',NULL,'2025-12-05 11:56:00',NULL,NULL,NULL,NULL,NULL,NULL,NULL,NULL,NULL,NULL,NULL,NULL,NULL,NULL,NULL,NULL,NULL,NULL,NULL,NULL,NULL,NULL,NULL,NULL,NULL,NULL,NULL,NULL,NULL,NULL,NULL,NULL,NULL,NULL,NULL),
(218789,53994,'A','host4','198.51.71.170','198.51.71.170',NULL,NULL,NULL,NULL,3600,NULL,NULL,'active',1,'2025-11-11 10:14:00',NULL,'2025-12-05 11:56:00',NULL,NULL,NULL,NULL,NULL,NULL,NULL,NULL,NULL,NULL,NULL,NULL,NULL,NULL,NULL,NULL,NULL,NULL,NULL,NULL,NULL,NULL,NULL,NULL,NULL,NULL,NULL,NULL,NULL,NULL,NULL,NULL,NULL,NULL,NULL),
(218790,53994,'A','host5','198.51.200.70','198.51.200.70',NULL,NULL,NULL,NULL,3600,NULL,NULL,'active',1,'2025-11-11 10:14:00',NULL,'2025-12-05 11:56:00',NULL,NULL,NULL,NULL,NULL,NULL,NULL,NULL,NULL,NULL,NULL,NULL,NULL,NULL,NULL,NULL,NULL,NULL,NULL,NULL,NULL,NULL,NULL,NULL,NULL,NULL,NULL,NULL,NULL,NULL,NULL,NULL,NULL,NULL,NULL),
(218791,53995,'A','host1','198.51.210.1','198.51.210.1',NULL,NULL,NULL,NULL,3600,NULL,NULL,'active',1,'2025-11-11 10:14:00',NULL,'2025-12-05 11:56:00',NULL,NULL,NULL,NULL,NULL,NULL,NULL,NULL,NULL,NULL,NULL,NULL,NULL,NULL,NULL,NULL,NULL,NULL,NULL,NULL,NULL,NULL,NULL,NULL,NULL,NULL,NULL,NULL,NULL,NULL,NULL,NULL,NULL,NULL,NULL),
(218792,53995,'A','host2','198.51.82.174','198.51.82.174',NULL,NULL,NULL,NULL,3600,NULL,NULL,'active',1,'2025-11-11 10:14:00',NULL,'2025-12-05 11:56:00',NULL,NULL,NULL,NULL,NULL,NULL,NULL,NULL,NULL,NULL,NULL,NULL,NULL,NULL,NULL,NULL,NULL,NULL,NULL,NULL,NULL,NULL,NULL,NULL,NULL,NULL,NULL,NULL,NULL,NULL,NULL,NULL,NULL,NULL,NULL),
(218793,53995,'A','host3','198.51.43.238','198.51.43.238',NULL,NULL,NULL,NULL,3600,NULL,NULL,'active',1,'2025-11-11 10:14:00',NULL,'2025-12-05 11:56:00',NULL,NULL,NULL,NULL,NULL,NULL,NULL,NULL,NULL,NULL,NULL,NULL,NULL,NULL,NULL,NULL,NULL,NULL,NULL,NULL,NULL,NULL,NULL,NULL,NULL,NULL,NULL,NULL,NULL,NULL,NULL,NULL,NULL,NULL,NULL),
(218794,53995,'A','host4','198.51.190.217','198.51.190.217',NULL,NULL,NULL,NULL,3600,NULL,NULL,'active',1,'2025-11-11 10:14:00',NULL,'2025-12-05 11:56:00',NULL,NULL,NULL,NULL,NULL,NULL,NULL,NULL,NULL,NULL,NULL,NULL,NULL,NULL,NULL,NULL,NULL,NULL,NULL,NULL,NULL,NULL,NULL,NULL,NULL,NULL,NULL,NULL,NULL,NULL,NULL,NULL,NULL,NULL,NULL),
(218795,53995,'A','host5','198.51.178.16','198.51.178.16',NULL,NULL,NULL,NULL,3600,NULL,NULL,'active',1,'2025-11-11 10:14:00',NULL,'2025-12-05 11:56:00',NULL,NULL,NULL,NULL,NULL,NULL,NULL,NULL,NULL,NULL,NULL,NULL,NULL,NULL,NULL,NULL,NULL,NULL,NULL,NULL,NULL,NULL,NULL,NULL,NULL,NULL,NULL,NULL,NULL,NULL,NULL,NULL,NULL,NULL,NULL),
(218796,53993,'A','host1','198.51.101.250','198.51.101.250',NULL,NULL,NULL,NULL,3600,NULL,NULL,'active',1,'2025-11-11 10:14:00',NULL,'2025-12-05 11:56:00',NULL,NULL,NULL,NULL,NULL,NULL,NULL,NULL,NULL,NULL,NULL,NULL,NULL,NULL,NULL,NULL,NULL,NULL,NULL,NULL,NULL,NULL,NULL,NULL,NULL,NULL,NULL,NULL,NULL,NULL,NULL,NULL,NULL,NULL,NULL),
(218797,53993,'A','host2','198.51.46.191','198.51.46.191',NULL,NULL,NULL,NULL,3600,NULL,NULL,'active',1,'2025-11-11 10:14:00',NULL,'2025-12-05 11:56:00',NULL,NULL,NULL,NULL,NULL,NULL,NULL,NULL,NULL,NULL,NULL,NULL,NULL,NULL,NULL,NULL,NULL,NULL,NULL,NULL,NULL,NULL,NULL,NULL,NULL,NULL,NULL,NULL,NULL,NULL,NULL,NULL,NULL,NULL,NULL),
(218798,53993,'A','host3','198.51.198.230','198.51.198.230',NULL,NULL,NULL,NULL,3600,NULL,NULL,'active',1,'2025-11-11 10:14:00',NULL,'2025-12-05 11:56:00',NULL,NULL,NULL,NULL,NULL,NULL,NULL,NULL,NULL,NULL,NULL,NULL,NULL,NULL,NULL,NULL,NULL,NULL,NULL,NULL,NULL,NULL,NULL,NULL,NULL,NULL,NULL,NULL,NULL,NULL,NULL,NULL,NULL,NULL,NULL),
(218799,53993,'A','host4','198.51.225.162','198.51.225.162',NULL,NULL,NULL,NULL,3600,NULL,NULL,'active',1,'2025-11-11 10:14:00',NULL,'2025-12-05 11:56:00',NULL,NULL,NULL,NULL,NULL,NULL,NULL,NULL,NULL,NULL,NULL,NULL,NULL,NULL,NULL,NULL,NULL,NULL,NULL,NULL,NULL,NULL,NULL,NULL,NULL,NULL,NULL,NULL,NULL,NULL,NULL,NULL,NULL,NULL,NULL),
(218800,53993,'A','host5','198.51.205.76','198.51.205.76',NULL,NULL,NULL,NULL,3600,NULL,NULL,'active',1,'2025-11-11 10:14:00',NULL,'2025-12-05 11:56:00',NULL,NULL,NULL,NULL,NULL,NULL,NULL,NULL,NULL,NULL,NULL,NULL,NULL,NULL,NULL,NULL,NULL,NULL,NULL,NULL,NULL,NULL,NULL,NULL,NULL,NULL,NULL,NULL,NULL,NULL,NULL,NULL,NULL,NULL,NULL),
(218801,53997,'A','host1','198.51.22.185','198.51.22.185',NULL,NULL,NULL,NULL,3600,NULL,NULL,'active',1,'2025-11-11 10:14:00',NULL,'2025-12-05 11:56:00',NULL,NULL,NULL,NULL,NULL,NULL,NULL,NULL,NULL,NULL,NULL,NULL,NULL,NULL,NULL,NULL,NULL,NULL,NULL,NULL,NULL,NULL,NULL,NULL,NULL,NULL,NULL,NULL,NULL,NULL,NULL,NULL,NULL,NULL,NULL),
(218802,53997,'A','host2','198.51.63.176','198.51.63.176',NULL,NULL,NULL,NULL,3600,NULL,NULL,'active',1,'2025-11-11 10:14:00',NULL,'2025-12-05 11:56:00',NULL,NULL,NULL,NULL,NULL,NULL,NULL,NULL,NULL,NULL,NULL,NULL,NULL,NULL,NULL,NULL,NULL,NULL,NULL,NULL,NULL,NULL,NULL,NULL,NULL,NULL,NULL,NULL,NULL,NULL,NULL,NULL,NULL,NULL,NULL),
(218803,53997,'A','host3','198.51.29.86','198.51.29.86',NULL,NULL,NULL,NULL,3600,NULL,NULL,'active',1,'2025-11-11 10:14:00',NULL,'2025-12-05 11:56:00',NULL,NULL,NULL,NULL,NULL,NULL,NULL,NULL,NULL,NULL,NULL,NULL,NULL,NULL,NULL,NULL,NULL,NULL,NULL,NULL,NULL,NULL,NULL,NULL,NULL,NULL,NULL,NULL,NULL,NULL,NULL,NULL,NULL,NULL,NULL),
(218804,53997,'A','host4','198.51.142.3','198.51.142.3',NULL,NULL,NULL,NULL,3600,NULL,NULL,'active',1,'2025-11-11 10:14:00',NULL,'2025-12-05 11:56:00',NULL,NULL,NULL,NULL,NULL,NULL,NULL,NULL,NULL,NULL,NULL,NULL,NULL,NULL,NULL,NULL,NULL,NULL,NULL,NULL,NULL,NULL,NULL,NULL,NULL,NULL,NULL,NULL,NULL,NULL,NULL,NULL,NULL,NULL,NULL),
(218805,53997,'A','host5','198.51.68.219','198.51.68.219',NULL,NULL,NULL,NULL,3600,NULL,NULL,'active',1,'2025-11-11 10:14:00',NULL,'2025-12-05 11:56:00',NULL,NULL,NULL,NULL,NULL,NULL,NULL,NULL,NULL,NULL,NULL,NULL,NULL,NULL,NULL,NULL,NULL,NULL,NULL,NULL,NULL,NULL,NULL,NULL,NULL,NULL,NULL,NULL,NULL,NULL,NULL,NULL,NULL,NULL,NULL),
(218806,53998,'A','host1','198.51.203.42','198.51.203.42',NULL,NULL,NULL,NULL,3600,NULL,NULL,'active',1,'2025-11-11 10:14:00',NULL,'2025-12-05 11:56:00',NULL,NULL,NULL,NULL,NULL,NULL,NULL,NULL,NULL,NULL,NULL,NULL,NULL,NULL,NULL,NULL,NULL,NULL,NULL,NULL,NULL,NULL,NULL,NULL,NULL,NULL,NULL,NULL,NULL,NULL,NULL,NULL,NULL,NULL,NULL),
(218807,53998,'A','host2','198.51.92.52','198.51.92.52',NULL,NULL,NULL,NULL,3600,NULL,NULL,'active',1,'2025-11-11 10:14:00',NULL,'2025-12-05 11:56:00',NULL,NULL,NULL,NULL,NULL,NULL,NULL,NULL,NULL,NULL,NULL,NULL,NULL,NULL,NULL,NULL,NULL,NULL,NULL,NULL,NULL,NULL,NULL,NULL,NULL,NULL,NULL,NULL,NULL,NULL,NULL,NULL,NULL,NULL,NULL),
(218808,53998,'A','host3','198.51.116.190','198.51.116.190',NULL,NULL,NULL,NULL,3600,NULL,NULL,'active',1,'2025-11-11 10:14:00',NULL,'2025-12-05 11:56:00',NULL,NULL,NULL,NULL,NULL,NULL,NULL,NULL,NULL,NULL,NULL,NULL,NULL,NULL,NULL,NULL,NULL,NULL,NULL,NULL,NULL,NULL,NULL,NULL,NULL,NULL,NULL,NULL,NULL,NULL,NULL,NULL,NULL,NULL,NULL),
(218809,53998,'A','host4','198.51.13.143','198.51.13.143',NULL,NULL,NULL,NULL,3600,NULL,NULL,'active',1,'2025-11-11 10:14:00',NULL,'2025-12-05 11:56:00',NULL,NULL,NULL,NULL,NULL,NULL,NULL,NULL,NULL,NULL,NULL,NULL,NULL,NULL,NULL,NULL,NULL,NULL,NULL,NULL,NULL,NULL,NULL,NULL,NULL,NULL,NULL,NULL,NULL,NULL,NULL,NULL,NULL,NULL,NULL),
(218810,53998,'A','host5','198.51.215.127','198.51.215.127',NULL,NULL,NULL,NULL,3600,NULL,NULL,'active',1,'2025-11-11 10:14:00',NULL,'2025-12-05 11:56:00',NULL,NULL,NULL,NULL,NULL,NULL,NULL,NULL,NULL,NULL,NULL,NULL,NULL,NULL,NULL,NULL,NULL,NULL,NULL,NULL,NULL,NULL,NULL,NULL,NULL,NULL,NULL,NULL,NULL,NULL,NULL,NULL,NULL,NULL,NULL),
(218811,53996,'A','host1','198.51.138.155','198.51.138.155',NULL,NULL,NULL,NULL,3600,NULL,NULL,'active',1,'2025-11-11 10:14:00',NULL,'2025-12-05 11:56:00',NULL,NULL,NULL,NULL,NULL,NULL,NULL,NULL,NULL,NULL,NULL,NULL,NULL,NULL,NULL,NULL,NULL,NULL,NULL,NULL,NULL,NULL,NULL,NULL,NULL,NULL,NULL,NULL,NULL,NULL,NULL,NULL,NULL,NULL,NULL),
(218812,53996,'A','host2','198.51.12.193','198.51.12.193',NULL,NULL,NULL,NULL,3600,NULL,NULL,'active',1,'2025-11-11 10:14:00',NULL,'2025-12-05 11:56:00',NULL,NULL,NULL,NULL,NULL,NULL,NULL,NULL,NULL,NULL,NULL,NULL,NULL,NULL,NULL,NULL,NULL,NULL,NULL,NULL,NULL,NULL,NULL,NULL,NULL,NULL,NULL,NULL,NULL,NULL,NULL,NULL,NULL,NULL,NULL),
(218813,53996,'A','host3','198.51.177.230','198.51.177.230',NULL,NULL,NULL,NULL,3600,NULL,NULL,'active',1,'2025-11-11 10:14:00',NULL,'2025-12-05 11:56:00',NULL,NULL,NULL,NULL,NULL,NULL,NULL,NULL,NULL,NULL,NULL,NULL,NULL,NULL,NULL,NULL,NULL,NULL,NULL,NULL,NULL,NULL,NULL,NULL,NULL,NULL,NULL,NULL,NULL,NULL,NULL,NULL,NULL,NULL,NULL),
(218814,53996,'A','host4','198.51.49.217','198.51.49.217',NULL,NULL,NULL,NULL,3600,NULL,NULL,'active',1,'2025-11-11 10:14:00',NULL,'2025-12-05 11:56:00',NULL,NULL,NULL,NULL,NULL,NULL,NULL,NULL,NULL,NULL,NULL,NULL,NULL,NULL,NULL,NULL,NULL,NULL,NULL,NULL,NULL,NULL,NULL,NULL,NULL,NULL,NULL,NULL,NULL,NULL,NULL,NULL,NULL,NULL,NULL),
(218815,53996,'A','host5','198.51.170.151','198.51.170.151',NULL,NULL,NULL,NULL,3600,NULL,NULL,'active',1,'2025-11-11 10:14:00',NULL,'2025-12-05 11:56:00',NULL,NULL,NULL,NULL,NULL,NULL,NULL,NULL,NULL,NULL,NULL,NULL,NULL,NULL,NULL,NULL,NULL,NULL,NULL,NULL,NULL,NULL,NULL,NULL,NULL,NULL,NULL,NULL,NULL,NULL,NULL,NULL,NULL,NULL,NULL),
(218816,54000,'A','host1','198.51.224.186','198.51.224.186',NULL,NULL,NULL,NULL,3600,NULL,NULL,'active',1,'2025-11-11 10:14:00',NULL,'2025-12-05 11:56:00',NULL,NULL,NULL,NULL,NULL,NULL,NULL,NULL,NULL,NULL,NULL,NULL,NULL,NULL,NULL,NULL,NULL,NULL,NULL,NULL,NULL,NULL,NULL,NULL,NULL,NULL,NULL,NULL,NULL,NULL,NULL,NULL,NULL,NULL,NULL),
(218817,54000,'A','host2','198.51.117.235','198.51.117.235',NULL,NULL,NULL,NULL,3600,NULL,NULL,'active',1,'2025-11-11 10:14:00',NULL,'2025-12-05 11:56:00',NULL,NULL,NULL,NULL,NULL,NULL,NULL,NULL,NULL,NULL,NULL,NULL,NULL,NULL,NULL,NULL,NULL,NULL,NULL,NULL,NULL,NULL,NULL,NULL,NULL,NULL,NULL,NULL,NULL,NULL,NULL,NULL,NULL,NULL,NULL),
(218818,54000,'A','host3','198.51.8.189','198.51.8.189',NULL,NULL,NULL,NULL,3600,NULL,NULL,'active',1,'2025-11-11 10:14:00',NULL,'2025-12-05 11:56:00',NULL,NULL,NULL,NULL,NULL,NULL,NULL,NULL,NULL,NULL,NULL,NULL,NULL,NULL,NULL,NULL,NULL,NULL,NULL,NULL,NULL,NULL,NULL,NULL,NULL,NULL,NULL,NULL,NULL,NULL,NULL,NULL,NULL,NULL,NULL),
(218819,54000,'A','host4','198.51.236.208','198.51.236.208',NULL,NULL,NULL,NULL,3600,NULL,NULL,'active',1,'2025-11-11 10:14:00',NULL,'2025-12-05 11:56:00',NULL,NULL,NULL,NULL,NULL,NULL,NULL,NULL,NULL,NULL,NULL,NULL,NULL,NULL,NULL,NULL,NULL,NULL,NULL,NULL,NULL,NULL,NULL,NULL,NULL,NULL,NULL,NULL,NULL,NULL,NULL,NULL,NULL,NULL,NULL),
(218820,54000,'A','host5','198.51.234.228','198.51.234.228',NULL,NULL,NULL,NULL,3600,NULL,NULL,'active',1,'2025-11-11 10:14:00',NULL,'2025-12-05 11:56:00',NULL,NULL,NULL,NULL,NULL,NULL,NULL,NULL,NULL,NULL,NULL,NULL,NULL,NULL,NULL,NULL,NULL,NULL,NULL,NULL,NULL,NULL,NULL,NULL,NULL,NULL,NULL,NULL,NULL,NULL,NULL,NULL,NULL,NULL,NULL),
(218821,54001,'A','host1','198.51.115.135','198.51.115.135',NULL,NULL,NULL,NULL,3600,NULL,NULL,'active',1,'2025-11-11 10:14:00',NULL,'2025-12-05 11:56:00',NULL,NULL,NULL,NULL,NULL,NULL,NULL,NULL,NULL,NULL,NULL,NULL,NULL,NULL,NULL,NULL,NULL,NULL,NULL,NULL,NULL,NULL,NULL,NULL,NULL,NULL,NULL,NULL,NULL,NULL,NULL,NULL,NULL,NULL,NULL),
(218822,54001,'A','host2','198.51.214.83','198.51.214.83',NULL,NULL,NULL,NULL,3600,NULL,NULL,'active',1,'2025-11-11 10:14:00',NULL,'2025-12-05 11:56:00',NULL,NULL,NULL,NULL,NULL,NULL,NULL,NULL,NULL,NULL,NULL,NULL,NULL,NULL,NULL,NULL,NULL,NULL,NULL,NULL,NULL,NULL,NULL,NULL,NULL,NULL,NULL,NULL,NULL,NULL,NULL,NULL,NULL,NULL,NULL),
(218823,54001,'A','host3','198.51.151.100','198.51.151.100',NULL,NULL,NULL,NULL,3600,NULL,NULL,'active',1,'2025-11-11 10:14:00',NULL,'2025-12-05 11:56:00',NULL,NULL,NULL,NULL,NULL,NULL,NULL,NULL,NULL,NULL,NULL,NULL,NULL,NULL,NULL,NULL,NULL,NULL,NULL,NULL,NULL,NULL,NULL,NULL,NULL,NULL,NULL,NULL,NULL,NULL,NULL,NULL,NULL,NULL,NULL),
(218824,54001,'A','host4','198.51.26.253','198.51.26.253',NULL,NULL,NULL,NULL,3600,NULL,NULL,'active',1,'2025-11-11 10:14:00',NULL,'2025-12-05 11:56:00',NULL,NULL,NULL,NULL,NULL,NULL,NULL,NULL,NULL,NULL,NULL,NULL,NULL,NULL,NULL,NULL,NULL,NULL,NULL,NULL,NULL,NULL,NULL,NULL,NULL,NULL,NULL,NULL,NULL,NULL,NULL,NULL,NULL,NULL,NULL),
(218825,54001,'A','host5','198.51.22.103','198.51.22.103',NULL,NULL,NULL,NULL,3600,NULL,NULL,'active',1,'2025-11-11 10:14:00',NULL,'2025-12-05 11:56:00',NULL,NULL,NULL,NULL,NULL,NULL,NULL,NULL,NULL,NULL,NULL,NULL,NULL,NULL,NULL,NULL,NULL,NULL,NULL,NULL,NULL,NULL,NULL,NULL,NULL,NULL,NULL,NULL,NULL,NULL,NULL,NULL,NULL,NULL,NULL),
(218826,53999,'A','host1','198.51.234.245','198.51.234.245',NULL,NULL,NULL,NULL,3600,NULL,NULL,'active',1,'2025-11-11 10:14:00',NULL,'2025-12-05 11:56:00',NULL,NULL,NULL,NULL,NULL,NULL,NULL,NULL,NULL,NULL,NULL,NULL,NULL,NULL,NULL,NULL,NULL,NULL,NULL,NULL,NULL,NULL,NULL,NULL,NULL,NULL,NULL,NULL,NULL,NULL,NULL,NULL,NULL,NULL,NULL),
(218827,53999,'A','host2','198.51.156.14','198.51.156.14',NULL,NULL,NULL,NULL,3600,NULL,NULL,'active',1,'2025-11-11 10:14:00',NULL,'2025-12-05 11:56:00',NULL,NULL,NULL,NULL,NULL,NULL,NULL,NULL,NULL,NULL,NULL,NULL,NULL,NULL,NULL,NULL,NULL,NULL,NULL,NULL,NULL,NULL,NULL,NULL,NULL,NULL,NULL,NULL,NULL,NULL,NULL,NULL,NULL,NULL,NULL),
(218828,53999,'A','host3','198.51.119.105','198.51.119.105',NULL,NULL,NULL,NULL,3600,NULL,NULL,'active',1,'2025-11-11 10:14:00',NULL,'2025-12-05 11:56:00',NULL,NULL,NULL,NULL,NULL,NULL,NULL,NULL,NULL,NULL,NULL,NULL,NULL,NULL,NULL,NULL,NULL,NULL,NULL,NULL,NULL,NULL,NULL,NULL,NULL,NULL,NULL,NULL,NULL,NULL,NULL,NULL,NULL,NULL,NULL),
(218829,53999,'A','host4','198.51.211.177','198.51.211.177',NULL,NULL,NULL,NULL,3600,NULL,NULL,'active',1,'2025-11-11 10:14:00',NULL,'2025-12-05 11:56:00',NULL,NULL,NULL,NULL,NULL,NULL,NULL,NULL,NULL,NULL,NULL,NULL,NULL,NULL,NULL,NULL,NULL,NULL,NULL,NULL,NULL,NULL,NULL,NULL,NULL,NULL,NULL,NULL,NULL,NULL,NULL,NULL,NULL,NULL,NULL),
(218830,53999,'A','host5','198.51.159.21','198.51.159.21',NULL,NULL,NULL,NULL,3600,NULL,NULL,'active',1,'2025-11-11 10:14:00',NULL,'2025-12-05 11:56:00',NULL,NULL,NULL,NULL,NULL,NULL,NULL,NULL,NULL,NULL,NULL,NULL,NULL,NULL,NULL,NULL,NULL,NULL,NULL,NULL,NULL,NULL,NULL,NULL,NULL,NULL,NULL,NULL,NULL,NULL,NULL,NULL,NULL,NULL,NULL),
(218831,54003,'A','host1','198.51.108.13','198.51.108.13',NULL,NULL,NULL,NULL,3600,NULL,NULL,'active',1,'2025-11-11 10:14:00',NULL,'2025-12-05 11:56:00',NULL,NULL,NULL,NULL,NULL,NULL,NULL,NULL,NULL,NULL,NULL,NULL,NULL,NULL,NULL,NULL,NULL,NULL,NULL,NULL,NULL,NULL,NULL,NULL,NULL,NULL,NULL,NULL,NULL,NULL,NULL,NULL,NULL,NULL,NULL),
(218832,54003,'A','host2','198.51.15.34','198.51.15.34',NULL,NULL,NULL,NULL,3600,NULL,NULL,'active',1,'2025-11-11 10:14:00',NULL,'2025-12-05 11:56:00',NULL,NULL,NULL,NULL,NULL,NULL,NULL,NULL,NULL,NULL,NULL,NULL,NULL,NULL,NULL,NULL,NULL,NULL,NULL,NULL,NULL,NULL,NULL,NULL,NULL,NULL,NULL,NULL,NULL,NULL,NULL,NULL,NULL,NULL,NULL),
(218833,54003,'A','host3','198.51.234.103','198.51.234.103',NULL,NULL,NULL,NULL,3600,NULL,NULL,'active',1,'2025-11-11 10:14:00',NULL,'2025-12-05 11:56:00',NULL,NULL,NULL,NULL,NULL,NULL,NULL,NULL,NULL,NULL,NULL,NULL,NULL,NULL,NULL,NULL,NULL,NULL,NULL,NULL,NULL,NULL,NULL,NULL,NULL,NULL,NULL,NULL,NULL,NULL,NULL,NULL,NULL,NULL,NULL),
(218834,54003,'A','host4','198.51.46.143','198.51.46.143',NULL,NULL,NULL,NULL,3600,NULL,NULL,'active',1,'2025-11-11 10:14:00',NULL,'2025-12-05 11:56:00',NULL,NULL,NULL,NULL,NULL,NULL,NULL,NULL,NULL,NULL,NULL,NULL,NULL,NULL,NULL,NULL,NULL,NULL,NULL,NULL,NULL,NULL,NULL,NULL,NULL,NULL,NULL,NULL,NULL,NULL,NULL,NULL,NULL,NULL,NULL),
(218835,54003,'A','host5','198.51.14.162','198.51.14.162',NULL,NULL,NULL,NULL,3600,NULL,NULL,'active',1,'2025-11-11 10:14:00',NULL,'2025-12-05 11:56:00',NULL,NULL,NULL,NULL,NULL,NULL,NULL,NULL,NULL,NULL,NULL,NULL,NULL,NULL,NULL,NULL,NULL,NULL,NULL,NULL,NULL,NULL,NULL,NULL,NULL,NULL,NULL,NULL,NULL,NULL,NULL,NULL,NULL,NULL,NULL),
(218836,54004,'A','host1','198.51.228.68','198.51.228.68',NULL,NULL,NULL,NULL,3600,NULL,NULL,'active',1,'2025-11-11 10:14:00',NULL,'2025-12-05 11:56:00',NULL,NULL,NULL,NULL,NULL,NULL,NULL,NULL,NULL,NULL,NULL,NULL,NULL,NULL,NULL,NULL,NULL,NULL,NULL,NULL,NULL,NULL,NULL,NULL,NULL,NULL,NULL,NULL,NULL,NULL,NULL,NULL,NULL,NULL,NULL),
(218837,54004,'A','host2','198.51.226.202','198.51.226.202',NULL,NULL,NULL,NULL,3600,NULL,NULL,'active',1,'2025-11-11 10:14:00',NULL,'2025-12-05 11:56:00',NULL,NULL,NULL,NULL,NULL,NULL,NULL,NULL,NULL,NULL,NULL,NULL,NULL,NULL,NULL,NULL,NULL,NULL,NULL,NULL,NULL,NULL,NULL,NULL,NULL,NULL,NULL,NULL,NULL,NULL,NULL,NULL,NULL,NULL,NULL),
(218838,54004,'A','host3','198.51.102.208','198.51.102.208',NULL,NULL,NULL,NULL,3600,NULL,NULL,'active',1,'2025-11-11 10:14:00',NULL,'2025-12-05 11:56:00',NULL,NULL,NULL,NULL,NULL,NULL,NULL,NULL,NULL,NULL,NULL,NULL,NULL,NULL,NULL,NULL,NULL,NULL,NULL,NULL,NULL,NULL,NULL,NULL,NULL,NULL,NULL,NULL,NULL,NULL,NULL,NULL,NULL,NULL,NULL),
(218839,54004,'A','host4','198.51.91.165','198.51.91.165',NULL,NULL,NULL,NULL,3600,NULL,NULL,'active',1,'2025-11-11 10:14:00',NULL,'2025-12-05 11:56:00',NULL,NULL,NULL,NULL,NULL,NULL,NULL,NULL,NULL,NULL,NULL,NULL,NULL,NULL,NULL,NULL,NULL,NULL,NULL,NULL,NULL,NULL,NULL,NULL,NULL,NULL,NULL,NULL,NULL,NULL,NULL,NULL,NULL,NULL,NULL),
(218840,54004,'A','host5','198.51.73.107','198.51.73.107',NULL,NULL,NULL,NULL,3600,NULL,NULL,'active',1,'2025-11-11 10:14:00',NULL,'2025-12-05 11:56:00',NULL,NULL,NULL,NULL,NULL,NULL,NULL,NULL,NULL,NULL,NULL,NULL,NULL,NULL,NULL,NULL,NULL,NULL,NULL,NULL,NULL,NULL,NULL,NULL,NULL,NULL,NULL,NULL,NULL,NULL,NULL,NULL,NULL,NULL,NULL),
(218841,54002,'A','host1','198.51.25.22','198.51.25.22',NULL,NULL,NULL,NULL,3600,NULL,NULL,'active',1,'2025-11-11 10:14:00',NULL,'2025-12-05 11:56:00',NULL,NULL,NULL,NULL,NULL,NULL,NULL,NULL,NULL,NULL,NULL,NULL,NULL,NULL,NULL,NULL,NULL,NULL,NULL,NULL,NULL,NULL,NULL,NULL,NULL,NULL,NULL,NULL,NULL,NULL,NULL,NULL,NULL,NULL,NULL),
(218842,54002,'A','host2','198.51.148.44','198.51.148.44',NULL,NULL,NULL,NULL,3600,NULL,NULL,'active',1,'2025-11-11 10:14:00',NULL,'2025-12-05 11:56:00',NULL,NULL,NULL,NULL,NULL,NULL,NULL,NULL,NULL,NULL,NULL,NULL,NULL,NULL,NULL,NULL,NULL,NULL,NULL,NULL,NULL,NULL,NULL,NULL,NULL,NULL,NULL,NULL,NULL,NULL,NULL,NULL,NULL,NULL,NULL),
(218843,54002,'A','host3','198.51.139.70','198.51.139.70',NULL,NULL,NULL,NULL,3600,NULL,NULL,'active',1,'2025-11-11 10:14:00',NULL,'2025-12-05 11:56:00',NULL,NULL,NULL,NULL,NULL,NULL,NULL,NULL,NULL,NULL,NULL,NULL,NULL,NULL,NULL,NULL,NULL,NULL,NULL,NULL,NULL,NULL,NULL,NULL,NULL,NULL,NULL,NULL,NULL,NULL,NULL,NULL,NULL,NULL,NULL),
(218844,54002,'A','host4','198.51.250.113','198.51.250.113',NULL,NULL,NULL,NULL,3600,NULL,NULL,'active',1,'2025-11-11 10:14:00',NULL,'2025-12-05 11:56:00',NULL,NULL,NULL,NULL,NULL,NULL,NULL,NULL,NULL,NULL,NULL,NULL,NULL,NULL,NULL,NULL,NULL,NULL,NULL,NULL,NULL,NULL,NULL,NULL,NULL,NULL,NULL,NULL,NULL,NULL,NULL,NULL,NULL,NULL,NULL),
(218845,54002,'A','host5','198.51.42.53','198.51.42.53',NULL,NULL,NULL,NULL,3600,NULL,NULL,'active',1,'2025-11-11 10:14:00',NULL,'2025-12-05 11:56:00',NULL,NULL,NULL,NULL,NULL,NULL,NULL,NULL,NULL,NULL,NULL,NULL,NULL,NULL,NULL,NULL,NULL,NULL,NULL,NULL,NULL,NULL,NULL,NULL,NULL,NULL,NULL,NULL,NULL,NULL,NULL,NULL,NULL,NULL,NULL),
(218846,53989,'A','host1','198.51.113.248','198.51.113.248',NULL,NULL,NULL,NULL,3600,NULL,NULL,'active',1,'2025-11-11 10:14:00',NULL,'2025-12-05 11:56:00',NULL,NULL,NULL,NULL,NULL,NULL,NULL,NULL,NULL,NULL,NULL,NULL,NULL,NULL,NULL,NULL,NULL,NULL,NULL,NULL,NULL,NULL,NULL,NULL,NULL,NULL,NULL,NULL,NULL,NULL,NULL,NULL,NULL,NULL,NULL),
(218847,53989,'A','host2','198.51.169.121','198.51.169.121',NULL,NULL,NULL,NULL,3600,NULL,NULL,'active',1,'2025-11-11 10:14:00',NULL,'2025-12-05 11:56:00',NULL,NULL,NULL,NULL,NULL,NULL,NULL,NULL,NULL,NULL,NULL,NULL,NULL,NULL,NULL,NULL,NULL,NULL,NULL,NULL,NULL,NULL,NULL,NULL,NULL,NULL,NULL,NULL,NULL,NULL,NULL,NULL,NULL,NULL,NULL),
(218848,53989,'A','host3','198.51.39.227','198.51.39.227',NULL,NULL,NULL,NULL,3600,NULL,NULL,'active',1,'2025-11-11 10:14:00',NULL,'2025-12-05 11:56:00',NULL,NULL,NULL,NULL,NULL,NULL,NULL,NULL,NULL,NULL,NULL,NULL,NULL,NULL,NULL,NULL,NULL,NULL,NULL,NULL,NULL,NULL,NULL,NULL,NULL,NULL,NULL,NULL,NULL,NULL,NULL,NULL,NULL,NULL,NULL),
(218849,53989,'A','host4','198.51.123.135','198.51.123.135',NULL,NULL,NULL,NULL,3600,NULL,NULL,'active',1,'2025-11-11 10:14:00',NULL,'2025-12-05 11:56:00',NULL,NULL,NULL,NULL,NULL,NULL,NULL,NULL,NULL,NULL,NULL,NULL,NULL,NULL,NULL,NULL,NULL,NULL,NULL,NULL,NULL,NULL,NULL,NULL,NULL,NULL,NULL,NULL,NULL,NULL,NULL,NULL,NULL,NULL,NULL),
(218850,53989,'A','host5','198.51.104.150','198.51.104.150',NULL,NULL,NULL,NULL,3600,NULL,NULL,'active',1,'2025-11-11 10:14:00',NULL,'2025-12-05 11:56:00',NULL,NULL,NULL,NULL,NULL,NULL,NULL,NULL,NULL,NULL,NULL,NULL,NULL,NULL,NULL,NULL,NULL,NULL,NULL,NULL,NULL,NULL,NULL,NULL,NULL,NULL,NULL,NULL,NULL,NULL,NULL,NULL,NULL,NULL,NULL),
(218851,53991,'A','test','192.168.110.1','192.168.110.1',NULL,NULL,NULL,NULL,NULL,NULL,NULL,'active',2,'2025-11-13 21:50:10',NULL,'2025-12-05 11:56:00',NULL,NULL,NULL,NULL,NULL,NULL,NULL,NULL,NULL,NULL,NULL,NULL,NULL,NULL,NULL,NULL,NULL,NULL,NULL,NULL,NULL,NULL,NULL,NULL,NULL,NULL,NULL,NULL,NULL,NULL,NULL,NULL,NULL,NULL,NULL),
(218852,53991,'A','retert','192.168.1.1','192.168.1.1',NULL,NULL,NULL,NULL,NULL,NULL,NULL,'active',2,'2025-11-26 08:24:04',2,'2025-12-05 11:56:00',NULL,NULL,NULL,NULL,NULL,NULL,NULL,NULL,NULL,NULL,NULL,NULL,NULL,NULL,NULL,NULL,NULL,NULL,NULL,NULL,NULL,NULL,NULL,NULL,NULL,NULL,NULL,NULL,NULL,NULL,NULL,NULL,NULL,NULL,NULL),
(218853,54010,'A','testtoto','192.168.1.1','192.168.1.1',NULL,NULL,NULL,NULL,NULL,NULL,NULL,'deleted',3,'2025-11-29 17:47:43',3,'2025-12-05 11:56:00',NULL,NULL,NULL,NULL,NULL,NULL,NULL,NULL,NULL,NULL,NULL,NULL,NULL,NULL,NULL,NULL,NULL,NULL,NULL,NULL,NULL,NULL,NULL,NULL,NULL,NULL,NULL,NULL,NULL,NULL,NULL,NULL,NULL,NULL,NULL),
(218854,54010,'A','testtoti','192.168.1.22','192.168.1.22',NULL,NULL,NULL,NULL,NULL,NULL,NULL,'active',3,'2025-11-29 18:42:11',2,'2025-12-05 11:56:00',NULL,NULL,NULL,NULL,NULL,NULL,NULL,NULL,NULL,NULL,NULL,NULL,NULL,NULL,NULL,NULL,NULL,NULL,NULL,NULL,NULL,NULL,NULL,NULL,NULL,NULL,NULL,NULL,NULL,NULL,NULL,NULL,NULL,NULL,NULL),
(218855,54010,'A','same','192.168.1.20','192.168.1.20',NULL,NULL,NULL,NULL,NULL,NULL,NULL,'deleted',2,'2025-12-04 11:19:53',2,'2025-12-08 11:06:25',NULL,NULL,NULL,NULL,NULL,NULL,NULL,NULL,NULL,NULL,NULL,NULL,NULL,NULL,NULL,NULL,NULL,NULL,NULL,NULL,NULL,NULL,NULL,NULL,NULL,NULL,NULL,NULL,NULL,NULL,NULL,NULL,NULL,NULL,NULL),
(218856,54006,'A','same','192.168.2.1','192.168.2.1',NULL,NULL,NULL,NULL,NULL,NULL,NULL,'active',2,'2025-12-04 11:20:49',NULL,'2025-12-05 11:56:00',NULL,NULL,NULL,NULL,NULL,NULL,NULL,NULL,NULL,NULL,NULL,NULL,NULL,NULL,NULL,NULL,NULL,NULL,NULL,NULL,NULL,NULL,NULL,NULL,NULL,NULL,NULL,NULL,NULL,NULL,NULL,NULL,NULL,NULL,NULL),
(218857,54010,'A','same','192.168.3.5','192.168.3.5',NULL,NULL,NULL,NULL,NULL,NULL,NULL,'active',2,'2025-12-04 11:23:51',2,'2025-12-05 12:04:14',NULL,NULL,NULL,NULL,NULL,NULL,NULL,NULL,NULL,NULL,NULL,NULL,NULL,NULL,NULL,NULL,NULL,NULL,NULL,NULL,NULL,NULL,NULL,NULL,NULL,NULL,NULL,NULL,NULL,NULL,NULL,NULL,NULL,NULL,NULL),
(218858,54010,'A','dfgdf','192.168.3.4','192.168.3.4',NULL,NULL,NULL,NULL,NULL,NULL,NULL,'active',2,'2025-12-05 12:16:34',NULL,NULL,NULL,NULL,NULL,NULL,NULL,NULL,NULL,NULL,NULL,NULL,NULL,NULL,NULL,NULL,NULL,NULL,NULL,NULL,NULL,NULL,NULL,NULL,NULL,NULL,NULL,NULL,NULL,NULL,NULL,NULL,NULL,NULL,NULL,NULL,NULL),
(218859,54010,'MX','retert','reter',NULL,NULL,NULL,NULL,NULL,300,10,NULL,'active',2,'2025-12-05 12:51:55',NULL,NULL,NULL,NULL,NULL,NULL,NULL,NULL,NULL,NULL,NULL,NULL,NULL,NULL,NULL,NULL,NULL,NULL,NULL,NULL,NULL,NULL,NULL,NULL,NULL,NULL,NULL,NULL,NULL,'reter',NULL,NULL,NULL,NULL,NULL,NULL,NULL),
(218860,54010,'NS','sfdfs','sdfsdf',NULL,NULL,NULL,NULL,NULL,NULL,NULL,NULL,'active',2,'2025-12-05 12:55:00',NULL,NULL,NULL,NULL,NULL,NULL,NULL,NULL,NULL,NULL,NULL,NULL,NULL,NULL,NULL,NULL,NULL,NULL,NULL,NULL,NULL,NULL,NULL,NULL,NULL,NULL,NULL,NULL,'sdfsdf',NULL,NULL,NULL,NULL,NULL,NULL,NULL,NULL),
(218861,54011,'NS','@','ns1.test.com.',NULL,NULL,NULL,NULL,NULL,NULL,NULL,NULL,'active',2,'2025-12-08 06:38:25',2,'2025-12-08 09:29:57',NULL,NULL,NULL,NULL,NULL,NULL,NULL,NULL,NULL,NULL,NULL,NULL,NULL,NULL,NULL,NULL,NULL,NULL,NULL,NULL,NULL,NULL,NULL,NULL,NULL,NULL,'ns1.test.com.',NULL,NULL,NULL,NULL,NULL,NULL,NULL,NULL),
(218862,54011,'A','ns1','192.168.1.1','192.168.1.1',NULL,NULL,NULL,NULL,NULL,NULL,NULL,'active',2,'2025-12-08 10:12:31',NULL,NULL,NULL,NULL,NULL,NULL,NULL,NULL,NULL,NULL,NULL,NULL,NULL,NULL,NULL,NULL,NULL,NULL,NULL,NULL,NULL,NULL,NULL,NULL,NULL,NULL,NULL,NULL,NULL,NULL,NULL,NULL,NULL,NULL,NULL,NULL,NULL),
(218863,54011,'A','ghfgh','192.168.1.1','192.168.1.1',NULL,NULL,NULL,NULL,NULL,NULL,NULL,'active',2,'2025-12-08 11:01:52',NULL,NULL,NULL,NULL,NULL,NULL,NULL,NULL,NULL,NULL,NULL,NULL,NULL,NULL,NULL,NULL,NULL,NULL,NULL,NULL,NULL,NULL,NULL,NULL,NULL,NULL,NULL,NULL,NULL,NULL,NULL,NULL,NULL,NULL,NULL,NULL,NULL);
/*!40000 ALTER TABLE `dns_records` ENABLE KEYS */;
UNLOCK TABLES;

--
-- Table structure for table `record_types`
--

DROP TABLE IF EXISTS `record_types`;
/*!40101 SET @saved_cs_client     = @@character_set_client */;
/*!40101 SET character_set_client = utf8mb4 */;
CREATE TABLE `record_types` (
  `name` varchar(50) NOT NULL,
  `category` varchar(50) DEFAULT 'other' COMMENT 'Category for UI grouping (pointing, extended, mail)',
  `description` varchar(255) DEFAULT NULL,
  `created_at` timestamp NULL DEFAULT current_timestamp(),
  PRIMARY KEY (`name`)
) ENGINE=InnoDB DEFAULT CHARSET=utf8mb4 COLLATE=utf8mb4_unicode_ci;
/*!40101 SET character_set_client = @saved_cs_client */;

--
-- Dumping data for table `record_types`
--

LOCK TABLES `record_types` WRITE;
/*!40000 ALTER TABLE `record_types` DISABLE KEYS */;
INSERT INTO `record_types` VALUES
('A','pointing','IPv4 address record','2025-12-05 11:56:00'),
('AAAA','pointing','IPv6 address record','2025-12-05 11:56:00'),
('CAA','extended','Certification Authority Authorization','2025-12-05 11:56:00'),
('CNAME','pointing','Canonical name (alias) record','2025-12-05 11:56:00'),
('DKIM','mail','DomainKeys Identified Mail (stored as TXT)','2025-12-05 11:56:00'),
('DMARC','mail','Domain-based Message Authentication (stored as TXT)','2025-12-05 11:56:00'),
('DNAME','pointing','Delegation name record','2025-12-05 11:56:00'),
('HTTPS','extended','HTTPS Service Binding record','2025-12-05 11:56:00'),
('LOC','extended','Location record','2025-12-05 11:56:00'),
('MX','mail','Mail exchange record','2025-12-05 11:56:00'),
('NAPTR','extended','Naming Authority Pointer','2025-12-05 11:56:00'),
('NS','pointing','Name server record','2025-12-05 11:56:00'),
('PTR','other','Pointer record (reverse DNS)','2025-12-05 11:56:00'),
('RP','extended','Responsible Person record','2025-12-05 11:56:00'),
('SOA','other','Start of Authority record','2025-12-05 11:56:00'),
('SPF','mail','Sender Policy Framework (stored as TXT)','2025-12-05 11:56:00'),
('SRV','extended','Service location record','2025-12-05 11:56:00'),
('SSHFP','extended','SSH Fingerprint record','2025-12-05 11:56:00'),
('SVCB','extended','Service Binding record','2025-12-05 11:56:00'),
('TLSA','extended','DANE TLS Association record','2025-12-05 11:56:00'),
('TXT','extended','Text record','2025-12-05 11:56:00');
/*!40000 ALTER TABLE `record_types` ENABLE KEYS */;
UNLOCK TABLES;

--
-- Table structure for table `roles`
--

DROP TABLE IF EXISTS `roles`;
/*!40101 SET @saved_cs_client     = @@character_set_client */;
/*!40101 SET character_set_client = utf8mb4 */;
CREATE TABLE `roles` (
  `id` int(11) NOT NULL AUTO_INCREMENT,
  `name` varchar(50) NOT NULL,
  `description` varchar(255) DEFAULT NULL,
  `created_at` timestamp NULL DEFAULT current_timestamp(),
  PRIMARY KEY (`id`),
  UNIQUE KEY `name` (`name`),
  KEY `idx_name` (`name`)
) ENGINE=InnoDB AUTO_INCREMENT=3 DEFAULT CHARSET=utf8mb4 COLLATE=utf8mb4_unicode_ci;
/*!40101 SET character_set_client = @saved_cs_client */;

--
-- Dumping data for table `roles`
--

LOCK TABLES `roles` WRITE;
/*!40000 ALTER TABLE `roles` DISABLE KEYS */;
INSERT INTO `roles` VALUES
(1,'admin','Administrator with full access','2025-10-20 07:21:05'),
(2,'user','Regular user with limited access','2025-10-20 07:21:05');
/*!40000 ALTER TABLE `roles` ENABLE KEYS */;
UNLOCK TABLES;

--
-- Table structure for table `sessions`
--

DROP TABLE IF EXISTS `sessions`;
/*!40101 SET @saved_cs_client     = @@character_set_client */;
/*!40101 SET character_set_client = utf8mb4 */;
CREATE TABLE `sessions` (
  `id` varchar(128) NOT NULL,
  `user_id` int(11) NOT NULL,
  `ip_address` varchar(45) DEFAULT NULL,
  `user_agent` varchar(255) DEFAULT NULL,
  `created_at` timestamp NULL DEFAULT current_timestamp(),
  `last_activity` timestamp NULL DEFAULT current_timestamp() ON UPDATE current_timestamp(),
  PRIMARY KEY (`id`),
  KEY `idx_user_id` (`user_id`),
  CONSTRAINT `sessions_ibfk_1` FOREIGN KEY (`user_id`) REFERENCES `users` (`id`) ON DELETE CASCADE
) ENGINE=InnoDB DEFAULT CHARSET=utf8mb4 COLLATE=utf8mb4_unicode_ci;
/*!40101 SET character_set_client = @saved_cs_client */;

--
-- Dumping data for table `sessions`
--

LOCK TABLES `sessions` WRITE;
/*!40000 ALTER TABLE `sessions` DISABLE KEYS */;
/*!40000 ALTER TABLE `sessions` ENABLE KEYS */;
UNLOCK TABLES;

--
-- Table structure for table `user_roles`
--

DROP TABLE IF EXISTS `user_roles`;
/*!40101 SET @saved_cs_client     = @@character_set_client */;
/*!40101 SET character_set_client = utf8mb4 */;
CREATE TABLE `user_roles` (
  `user_id` int(11) NOT NULL,
  `role_id` int(11) NOT NULL,
  `assigned_at` timestamp NULL DEFAULT current_timestamp(),
  PRIMARY KEY (`user_id`,`role_id`),
  KEY `idx_user_id` (`user_id`),
  KEY `idx_role_id` (`role_id`),
  CONSTRAINT `user_roles_ibfk_1` FOREIGN KEY (`user_id`) REFERENCES `users` (`id`) ON DELETE CASCADE,
  CONSTRAINT `user_roles_ibfk_2` FOREIGN KEY (`role_id`) REFERENCES `roles` (`id`) ON DELETE CASCADE
) ENGINE=InnoDB DEFAULT CHARSET=utf8mb4 COLLATE=utf8mb4_unicode_ci;
/*!40101 SET character_set_client = @saved_cs_client */;

--
-- Dumping data for table `user_roles`
--

LOCK TABLES `user_roles` WRITE;
/*!40000 ALTER TABLE `user_roles` DISABLE KEYS */;
INSERT INTO `user_roles` VALUES
(1,1,'2025-10-20 07:21:05'),
(2,1,'2025-10-20 09:24:16');
/*!40000 ALTER TABLE `user_roles` ENABLE KEYS */;
UNLOCK TABLES;

--
-- Table structure for table `users`
--

DROP TABLE IF EXISTS `users`;
/*!40101 SET @saved_cs_client     = @@character_set_client */;
/*!40101 SET character_set_client = utf8mb4 */;
CREATE TABLE `users` (
  `id` int(11) NOT NULL AUTO_INCREMENT,
  `username` varchar(100) NOT NULL,
  `email` varchar(255) NOT NULL,
  `password` varchar(255) NOT NULL,
  `auth_method` enum('database','ad','ldap') DEFAULT 'database',
  `created_at` timestamp NULL DEFAULT current_timestamp(),
  `last_login` timestamp NULL DEFAULT NULL,
  `is_active` tinyint(1) DEFAULT 1,
  PRIMARY KEY (`id`),
  UNIQUE KEY `username` (`username`),
  UNIQUE KEY `email` (`email`),
  KEY `idx_username` (`username`),
  KEY `idx_email` (`email`)
) ENGINE=InnoDB AUTO_INCREMENT=5 DEFAULT CHARSET=utf8mb4 COLLATE=utf8mb4_unicode_ci;
/*!40101 SET character_set_client = @saved_cs_client */;

--
-- Dumping data for table `users`
--

LOCK TABLES `users` WRITE;
/*!40000 ALTER TABLE `users` DISABLE KEYS */;
INSERT INTO `users` VALUES
(1,'admin','admin@example.local','$2y$12$lpCQ0Zsw25LuvXr9L/gIWO6xQNwRidtDC.ZmF8WIfZkSU324PfOsq','database','2025-10-19 12:27:41','2025-10-20 09:19:30',1),
(2,'guittou','guittou@gmail.com','$2y$10$.CJ6UeeKXSj7O3dZGcdtw.bjXze2e5z.n58462/hS.Rk4VgH5D21q','database','2025-10-20 09:24:16','2025-12-08 18:03:54',1),
(3,'toto','toto@mail.com','$2y$10$8mCrxLMX1whrzWkQ8lsGhecl0AIZweGMUmNTY3F8RwrQsjVlvh7rO','database','2025-11-27 13:42:30','2025-11-29 22:01:45',1),
(4,'titi','titi@mail.com','$2y$10$LDaNOJ6KHUFIhTOyy0lpZeXhxCq88OyaxMmQQcFw8Wv3cB2sg/hee','database','2025-11-29 17:51:56','2025-11-29 22:00:24',1);
/*!40000 ALTER TABLE `users` ENABLE KEYS */;
UNLOCK TABLES;

--
-- Temporary table structure for view `zone_acl_entries`
--

DROP TABLE IF EXISTS `zone_acl_entries`;
/*!50001 DROP VIEW IF EXISTS `zone_acl_entries`*/;
SET @saved_cs_client     = @@character_set_client;
SET character_set_client = utf8mb4;
/*!50001 CREATE VIEW `zone_acl_entries` AS SELECT
 1 AS `id`,
  1 AS `zone_file_id`,
  1 AS `subject_type`,
  1 AS `subject_identifier`,
  1 AS `permission`,
  1 AS `created_by`,
  1 AS `created_at` */;
SET character_set_client = @saved_cs_client;

--
-- Table structure for table `zone_file_history`
--

DROP TABLE IF EXISTS `zone_file_history`;
/*!40101 SET @saved_cs_client     = @@character_set_client */;
/*!40101 SET character_set_client = utf8mb4 */;
CREATE TABLE `zone_file_history` (
  `id` int(11) NOT NULL AUTO_INCREMENT,
  `zone_file_id` int(11) NOT NULL COMMENT 'ID of the zone file',
  `action` enum('created','updated','status_changed','content_changed','assign_include','reassign_include') NOT NULL,
  `name` varchar(255) NOT NULL,
  `filename` varchar(255) NOT NULL,
  `file_type` enum('master','include') NOT NULL,
  `old_status` enum('active','inactive','deleted') DEFAULT NULL,
  `new_status` enum('active','inactive','deleted') NOT NULL,
  `old_content` text DEFAULT NULL COMMENT 'Previous zone file content',
  `new_content` text DEFAULT NULL COMMENT 'New zone file content',
  `changed_by` int(11) NOT NULL,
  `changed_at` timestamp NULL DEFAULT current_timestamp(),
  `notes` text DEFAULT NULL,
  PRIMARY KEY (`id`),
  KEY `changed_by` (`changed_by`),
  KEY `idx_zone_file_id` (`zone_file_id`),
  KEY `idx_action` (`action`),
  KEY `idx_changed_at` (`changed_at`),
  CONSTRAINT `zone_file_history_ibfk_1` FOREIGN KEY (`zone_file_id`) REFERENCES `zone_files` (`id`) ON DELETE CASCADE,
  CONSTRAINT `zone_file_history_ibfk_2` FOREIGN KEY (`changed_by`) REFERENCES `users` (`id`) ON DELETE CASCADE
) ENGINE=InnoDB AUTO_INCREMENT=49 DEFAULT CHARSET=utf8mb4 COLLATE=utf8mb4_unicode_ci;
/*!40101 SET character_set_client = @saved_cs_client */;

--
-- Dumping data for table `zone_file_history`
--

LOCK TABLES `zone_file_history` WRITE;
/*!40000 ALTER TABLE `zone_file_history` DISABLE KEYS */;
INSERT INTO `zone_file_history` VALUES
(33,54005,'created','test_fr','test_fr.db','master',NULL,'active',NULL,NULL,2,'2025-11-11 11:26:55','Zone file created'),
(34,54006,'created','test_l1','test_l1.db','include',NULL,'active',NULL,NULL,2,'2025-11-11 18:36:48','Zone file created'),
(35,54006,'assign_include','test_l1','test_l1.db','include','active','active',NULL,NULL,2,'2025-11-11 18:36:48','Include assigned to parent \'test_fr\' (ID: 54005)'),
(36,54007,'created','test_l2','test_l2.db','include',NULL,'active',NULL,NULL,2,'2025-11-11 18:37:17','Zone file created'),
(37,54007,'assign_include','test_l2','test_l2.db','include','active','active',NULL,NULL,2,'2025-11-11 18:37:17','Include assigned to parent \'test_fr\' (ID: 54005)'),
(38,54008,'created','test_l1_1','test_l1_1.db','include',NULL,'active',NULL,NULL,2,'2025-11-11 18:37:42','Zone file created'),
(39,54008,'assign_include','test_l1_1','test_l1_1.db','include','active','active',NULL,NULL,2,'2025-11-11 18:37:42','Include assigned to parent \'test_l1\' (ID: 54006)'),
(40,54009,'created','test_l2_1','test_l2_1.db','include',NULL,'active',NULL,NULL,2,'2025-11-11 18:38:18','Zone file created'),
(41,54009,'assign_include','test_l2_1','test_l2_1.db','include','active','active',NULL,NULL,2,'2025-11-11 18:38:18','Include assigned to parent \'test_l2\' (ID: 54007)'),
(42,54010,'created','dgfdgg','dgfdgg.db','include',NULL,'active',NULL,NULL,2,'2025-11-13 18:54:14','Zone file created'),
(43,54010,'assign_include','dgfdgg','dgfdgg.db','include','active','active',NULL,NULL,2,'2025-11-13 18:54:14','Include assigned to parent \'inc_m1_l1_1_l2_1\' (ID: 53990)'),
(44,54010,'updated','dgfdgg','dgfdgg.db','include','active','active','','',2,'2025-11-27 13:42:59','Zone file updated'),
(45,54010,'updated','dgfdgg','dgfdgg.db','include','active','active','','',2,'2025-11-28 14:38:37','Zone file updated'),
(46,54010,'updated','dgfdgg','dgfdgg.db','include','active','active','','',2,'2025-11-29 17:53:06','Zone file updated'),
(47,53988,'updated','root1.example.test','db.root1_example_test.db','master','active','active','$ORIGIN root1.example.test.\n$TTL 3600\n@ IN SOA ns1.root1.example.test. admin.root1.example.test. ( 2025111101 3600 1800 604800 86400 )\n    IN NS ns1.root1.example.test.\nns1 IN A 192.0.2.2\n\n$INCLUDE includes/root1_example_test/inc_m1_l1_1.inc\n','$ORIGIN root1.example.test.\n$TTL 3600\n@ IN SOA ns1.root1.example.test. admin.root1.example.test. ( 2025111101 3600 1800 604800 86400 )\n    IN NS ns1.root1.example.test.\nns1 IN A 192.0.2.2\n\n$INCLUDE includes/root1_example_test/inc_m1_l1_1.inc\n',2,'2025-12-05 13:51:39','Zone file updated'),
(48,54011,'created','test.com','test.com.db','master',NULL,'active',NULL,NULL,2,'2025-12-05 14:37:38','Zone file created');
/*!40000 ALTER TABLE `zone_file_history` ENABLE KEYS */;
UNLOCK TABLES;

--
-- Table structure for table `zone_file_includes`
--

DROP TABLE IF EXISTS `zone_file_includes`;
/*!40101 SET @saved_cs_client     = @@character_set_client */;
/*!40101 SET character_set_client = utf8mb4 */;
CREATE TABLE `zone_file_includes` (
  `id` int(11) NOT NULL AUTO_INCREMENT,
  `parent_id` int(11) NOT NULL,
  `include_id` int(11) NOT NULL,
  `position` int(11) NOT NULL DEFAULT 0,
  `created_at` datetime NOT NULL DEFAULT current_timestamp(),
  PRIMARY KEY (`id`),
  UNIQUE KEY `ux_parent_include` (`parent_id`,`include_id`),
  UNIQUE KEY `ux_include_single_parent` (`include_id`),
  KEY `idx_parent` (`parent_id`),
  KEY `idx_include` (`include_id`),
  CONSTRAINT `zone_file_includes_ibfk_1` FOREIGN KEY (`parent_id`) REFERENCES `zone_files` (`id`) ON DELETE CASCADE,
  CONSTRAINT `zone_file_includes_ibfk_2` FOREIGN KEY (`include_id`) REFERENCES `zone_files` (`id`) ON DELETE CASCADE
) ENGINE=InnoDB AUTO_INCREMENT=53632 DEFAULT CHARSET=utf8mb4 COLLATE=utf8mb4_unicode_ci;
/*!40101 SET character_set_client = @saved_cs_client */;

--
-- Dumping data for table `zone_file_includes`
--

LOCK TABLES `zone_file_includes` WRITE;
/*!40000 ALTER TABLE `zone_file_includes` DISABLE KEYS */;
INSERT INTO `zone_file_includes` VALUES
(53611,53988,53989,1,'2025-11-11 11:14:00'),
(53612,53989,53990,1,'2025-11-11 11:14:00'),
(53613,53990,53991,1,'2025-11-11 11:14:00'),
(53614,53990,53992,2,'2025-11-11 11:14:00'),
(53615,53989,53993,2,'2025-11-11 11:14:00'),
(53616,53993,53994,1,'2025-11-11 11:14:00'),
(53617,53993,53995,2,'2025-11-11 11:14:00'),
(53618,53989,53996,3,'2025-11-11 11:14:00'),
(53619,53996,53997,1,'2025-11-11 11:14:00'),
(53620,53996,53998,2,'2025-11-11 11:14:00'),
(53621,53989,53999,4,'2025-11-11 11:14:00'),
(53622,53999,54000,1,'2025-11-11 11:14:00'),
(53623,53999,54001,2,'2025-11-11 11:14:00'),
(53624,53989,54002,5,'2025-11-11 11:14:00'),
(53625,54002,54003,1,'2025-11-11 11:14:00'),
(53626,54002,54004,2,'2025-11-11 11:14:00'),
(53627,54005,54006,0,'2025-11-11 19:36:48'),
(53628,54005,54007,0,'2025-11-11 19:37:17'),
(53629,54006,54008,0,'2025-11-11 19:37:42'),
(53630,54007,54009,0,'2025-11-11 19:38:18'),
(53631,53990,54010,0,'2025-11-13 19:54:14');
/*!40000 ALTER TABLE `zone_file_includes` ENABLE KEYS */;
UNLOCK TABLES;

--
-- Table structure for table `zone_file_validation`
--

DROP TABLE IF EXISTS `zone_file_validation`;
/*!40101 SET @saved_cs_client     = @@character_set_client */;
/*!40101 SET character_set_client = utf8mb4 */;
CREATE TABLE `zone_file_validation` (
  `id` int(11) NOT NULL AUTO_INCREMENT,
  `zone_file_id` int(11) NOT NULL,
  `status` enum('pending','passed','failed','error') NOT NULL DEFAULT 'pending',
  `output` text DEFAULT NULL COMMENT 'Output from named-checkzone command',
  `checked_at` timestamp NULL DEFAULT current_timestamp(),
  `run_by` int(11) DEFAULT NULL COMMENT 'User ID who triggered the validation (NULL for background jobs)',
  PRIMARY KEY (`id`),
  KEY `run_by` (`run_by`),
  KEY `idx_zone_file_id` (`zone_file_id`),
  KEY `idx_status` (`status`),
  KEY `idx_checked_at` (`checked_at`),
  KEY `idx_zone_file_checked` (`zone_file_id`,`checked_at` DESC),
  CONSTRAINT `zone_file_validation_ibfk_1` FOREIGN KEY (`zone_file_id`) REFERENCES `zone_files` (`id`) ON DELETE CASCADE,
  CONSTRAINT `zone_file_validation_ibfk_2` FOREIGN KEY (`run_by`) REFERENCES `users` (`id`) ON DELETE SET NULL
) ENGINE=InnoDB AUTO_INCREMENT=491 DEFAULT CHARSET=utf8mb4 COLLATE=utf8mb4_unicode_ci;
/*!40101 SET character_set_client = @saved_cs_client */;

--
-- Dumping data for table `zone_file_validation`
--

LOCK TABLES `zone_file_validation` WRITE;
/*!40000 ALTER TABLE `zone_file_validation` DISABLE KEYS */;
INSERT INTO `zone_file_validation` VALUES
(154,54005,'pending','Validation queued for background processing','2025-11-11 11:26:55',2),
(155,54006,'failed','Include file has no master parent; cannot validate standalone','2025-11-11 18:36:48',2),
(156,54007,'failed','Include file has no master parent; cannot validate standalone','2025-11-11 18:37:17',2),
(157,54008,'failed','Include file has no master parent; cannot validate standalone','2025-11-11 18:37:42',2),
(158,54009,'failed','Include file has no master parent; cannot validate standalone','2025-11-11 18:38:18',2),
(159,54010,'failed','Include file has no master parent; cannot validate standalone','2025-11-13 18:54:14',2),
(160,53991,'pending','Validation queued for top master zone (ID: 53988)','2025-11-26 08:25:50',2),
(161,53988,'pending','Validation queued for background processing','2025-11-26 08:25:50',2),
(162,53991,'pending','Validation queued for top master zone (ID: 53988)','2025-11-26 08:27:46',2),
(163,53988,'pending','Validation queued for background processing','2025-11-26 08:27:46',2),
(164,53989,'pending','Validation queued for top master zone (ID: 53988)','2025-11-26 08:28:04',2),
(165,53988,'pending','Validation queued for background processing','2025-11-26 08:28:04',2),
(166,54010,'pending','Validation queued for top master zone (ID: 53988)','2025-11-27 13:42:59',2),
(167,53988,'pending','Validation queued for background processing','2025-11-27 13:42:59',2),
(168,54010,'pending','Validation queued for top master zone (ID: 53988)','2025-11-28 14:38:37',2),
(169,53988,'pending','Validation queued for background processing','2025-11-28 14:38:37',2),
(170,54010,'pending','Validation queued for top master zone (ID: 53988)','2025-11-29 17:53:06',2),
(171,53988,'pending','Validation queued for background processing','2025-11-29 17:53:06',2),
(172,54010,'pending','Validation queued for top master zone (ID: 53988)','2025-12-04 10:04:43',2),
(173,53988,'pending','Validation queued for background processing','2025-12-04 10:04:43',2),
(174,54010,'pending','Validation queued for top master zone (ID: 53988)','2025-12-04 10:06:29',2),
(175,53988,'pending','Validation queued for background processing','2025-12-04 10:06:29',2),
(176,54005,'failed','Command: named-checkzone -q \'test_fr\' \'/tmp/dns3_validate_69315d75b4f76/zone_54005_flat.db\' 2>&1\nExit Code: 1\n\n','2025-12-04 10:07:49',2),
(177,54006,'failed','Command: named-checkzone -q \'test_fr\' \'/tmp/dns3_validate_69315d75b4f76/zone_54005_flat.db\' 2>&1\nExit Code: 1\n\nValidation performed on parent zone \'test_fr\' (ID: 54005):\n\n','2025-12-04 10:07:49',2),
(178,54007,'failed','Command: named-checkzone -q \'test_fr\' \'/tmp/dns3_validate_69315d75b4f76/zone_54005_flat.db\' 2>&1\nExit Code: 1\n\nValidation performed on parent zone \'test_fr\' (ID: 54005):\n\n','2025-12-04 10:07:49',2),
(179,54008,'failed','Command: named-checkzone -q \'test_fr\' \'/tmp/dns3_validate_69315d75b4f76/zone_54005_flat.db\' 2>&1\nExit Code: 1\n\nValidation performed on parent zone \'test_fr\' (ID: 54005):\n\n','2025-12-04 10:07:50',2),
(180,54009,'failed','Command: named-checkzone -q \'test_fr\' \'/tmp/dns3_validate_69315d75b4f76/zone_54005_flat.db\' 2>&1\nExit Code: 1\n\nValidation performed on parent zone \'test_fr\' (ID: 54005):\n\n','2025-12-04 10:07:50',2),
(181,53988,'passed','Command: named-checkzone -q \'root1.example.test\' \'/tmp/dns3_validate_69315d76594b6/zone_53988_flat.db\' 2>&1\nExit Code: 0\n\n','2025-12-04 10:07:50',2),
(182,53989,'passed','Command: named-checkzone -q \'root1.example.test\' \'/tmp/dns3_validate_69315d76594b6/zone_53988_flat.db\' 2>&1\nExit Code: 0\n\nValidation performed on parent zone \'root1.example.test\' (ID: 53988):\n\n','2025-12-04 10:07:50',2),
(183,53990,'passed','Command: named-checkzone -q \'root1.example.test\' \'/tmp/dns3_validate_69315d76594b6/zone_53988_flat.db\' 2>&1\nExit Code: 0\n\nValidation performed on parent zone \'root1.example.test\' (ID: 53988):\n\n','2025-12-04 10:07:50',2),
(184,53993,'passed','Command: named-checkzone -q \'root1.example.test\' \'/tmp/dns3_validate_69315d76594b6/zone_53988_flat.db\' 2>&1\nExit Code: 0\n\nValidation performed on parent zone \'root1.example.test\' (ID: 53988):\n\n','2025-12-04 10:07:50',2),
(185,53996,'passed','Command: named-checkzone -q \'root1.example.test\' \'/tmp/dns3_validate_69315d76594b6/zone_53988_flat.db\' 2>&1\nExit Code: 0\n\nValidation performed on parent zone \'root1.example.test\' (ID: 53988):\n\n','2025-12-04 10:07:50',2),
(186,53999,'passed','Command: named-checkzone -q \'root1.example.test\' \'/tmp/dns3_validate_69315d76594b6/zone_53988_flat.db\' 2>&1\nExit Code: 0\n\nValidation performed on parent zone \'root1.example.test\' (ID: 53988):\n\n','2025-12-04 10:07:50',2),
(187,54002,'passed','Command: named-checkzone -q \'root1.example.test\' \'/tmp/dns3_validate_69315d76594b6/zone_53988_flat.db\' 2>&1\nExit Code: 0\n\nValidation performed on parent zone \'root1.example.test\' (ID: 53988):\n\n','2025-12-04 10:07:50',2),
(188,53991,'passed','Command: named-checkzone -q \'root1.example.test\' \'/tmp/dns3_validate_69315d76594b6/zone_53988_flat.db\' 2>&1\nExit Code: 0\n\nValidation performed on parent zone \'root1.example.test\' (ID: 53988):\n\n','2025-12-04 10:07:50',2),
(189,53992,'passed','Command: named-checkzone -q \'root1.example.test\' \'/tmp/dns3_validate_69315d76594b6/zone_53988_flat.db\' 2>&1\nExit Code: 0\n\nValidation performed on parent zone \'root1.example.test\' (ID: 53988):\n\n','2025-12-04 10:07:50',2),
(190,54010,'passed','Command: named-checkzone -q \'root1.example.test\' \'/tmp/dns3_validate_69315d76594b6/zone_53988_flat.db\' 2>&1\nExit Code: 0\n\nValidation performed on parent zone \'root1.example.test\' (ID: 53988):\n\n','2025-12-04 10:07:51',2),
(191,53994,'passed','Command: named-checkzone -q \'root1.example.test\' \'/tmp/dns3_validate_69315d76594b6/zone_53988_flat.db\' 2>&1\nExit Code: 0\n\nValidation performed on parent zone \'root1.example.test\' (ID: 53988):\n\n','2025-12-04 10:07:51',2),
(192,53995,'passed','Command: named-checkzone -q \'root1.example.test\' \'/tmp/dns3_validate_69315d76594b6/zone_53988_flat.db\' 2>&1\nExit Code: 0\n\nValidation performed on parent zone \'root1.example.test\' (ID: 53988):\n\n','2025-12-04 10:07:51',2),
(193,53997,'passed','Command: named-checkzone -q \'root1.example.test\' \'/tmp/dns3_validate_69315d76594b6/zone_53988_flat.db\' 2>&1\nExit Code: 0\n\nValidation performed on parent zone \'root1.example.test\' (ID: 53988):\n\n','2025-12-04 10:07:51',2),
(194,53998,'passed','Command: named-checkzone -q \'root1.example.test\' \'/tmp/dns3_validate_69315d76594b6/zone_53988_flat.db\' 2>&1\nExit Code: 0\n\nValidation performed on parent zone \'root1.example.test\' (ID: 53988):\n\n','2025-12-04 10:07:51',2),
(195,54000,'passed','Command: named-checkzone -q \'root1.example.test\' \'/tmp/dns3_validate_69315d76594b6/zone_53988_flat.db\' 2>&1\nExit Code: 0\n\nValidation performed on parent zone \'root1.example.test\' (ID: 53988):\n\n','2025-12-04 10:07:51',2),
(196,54001,'passed','Command: named-checkzone -q \'root1.example.test\' \'/tmp/dns3_validate_69315d76594b6/zone_53988_flat.db\' 2>&1\nExit Code: 0\n\nValidation performed on parent zone \'root1.example.test\' (ID: 53988):\n\n','2025-12-04 10:07:51',2),
(197,54003,'passed','Command: named-checkzone -q \'root1.example.test\' \'/tmp/dns3_validate_69315d76594b6/zone_53988_flat.db\' 2>&1\nExit Code: 0\n\nValidation performed on parent zone \'root1.example.test\' (ID: 53988):\n\n','2025-12-04 10:07:51',2),
(198,54004,'passed','Command: named-checkzone -q \'root1.example.test\' \'/tmp/dns3_validate_69315d76594b6/zone_53988_flat.db\' 2>&1\nExit Code: 0\n\nValidation performed on parent zone \'root1.example.test\' (ID: 53988):\n\n','2025-12-04 10:07:51',2),
(199,53988,'passed','Command: named-checkzone -q \'root1.example.test\' \'/tmp/dns3_validate_69315d7796bd9/zone_53988_flat.db\' 2>&1\nExit Code: 0\n\n','2025-12-04 10:07:51',2),
(200,53989,'passed','Command: named-checkzone -q \'root1.example.test\' \'/tmp/dns3_validate_69315d7796bd9/zone_53988_flat.db\' 2>&1\nExit Code: 0\n\nValidation performed on parent zone \'root1.example.test\' (ID: 53988):\n\n','2025-12-04 10:07:51',2),
(201,53990,'passed','Command: named-checkzone -q \'root1.example.test\' \'/tmp/dns3_validate_69315d7796bd9/zone_53988_flat.db\' 2>&1\nExit Code: 0\n\nValidation performed on parent zone \'root1.example.test\' (ID: 53988):\n\n','2025-12-04 10:07:51',2),
(202,53993,'passed','Command: named-checkzone -q \'root1.example.test\' \'/tmp/dns3_validate_69315d7796bd9/zone_53988_flat.db\' 2>&1\nExit Code: 0\n\nValidation performed on parent zone \'root1.example.test\' (ID: 53988):\n\n','2025-12-04 10:07:51',2),
(203,53996,'passed','Command: named-checkzone -q \'root1.example.test\' \'/tmp/dns3_validate_69315d7796bd9/zone_53988_flat.db\' 2>&1\nExit Code: 0\n\nValidation performed on parent zone \'root1.example.test\' (ID: 53988):\n\n','2025-12-04 10:07:52',2),
(204,53999,'passed','Command: named-checkzone -q \'root1.example.test\' \'/tmp/dns3_validate_69315d7796bd9/zone_53988_flat.db\' 2>&1\nExit Code: 0\n\nValidation performed on parent zone \'root1.example.test\' (ID: 53988):\n\n','2025-12-04 10:07:52',2),
(205,54002,'passed','Command: named-checkzone -q \'root1.example.test\' \'/tmp/dns3_validate_69315d7796bd9/zone_53988_flat.db\' 2>&1\nExit Code: 0\n\nValidation performed on parent zone \'root1.example.test\' (ID: 53988):\n\n','2025-12-04 10:07:52',2),
(206,53991,'passed','Command: named-checkzone -q \'root1.example.test\' \'/tmp/dns3_validate_69315d7796bd9/zone_53988_flat.db\' 2>&1\nExit Code: 0\n\nValidation performed on parent zone \'root1.example.test\' (ID: 53988):\n\n','2025-12-04 10:07:52',2),
(207,53992,'passed','Command: named-checkzone -q \'root1.example.test\' \'/tmp/dns3_validate_69315d7796bd9/zone_53988_flat.db\' 2>&1\nExit Code: 0\n\nValidation performed on parent zone \'root1.example.test\' (ID: 53988):\n\n','2025-12-04 10:07:52',2),
(208,54010,'passed','Command: named-checkzone -q \'root1.example.test\' \'/tmp/dns3_validate_69315d7796bd9/zone_53988_flat.db\' 2>&1\nExit Code: 0\n\nValidation performed on parent zone \'root1.example.test\' (ID: 53988):\n\n','2025-12-04 10:07:52',2),
(209,53994,'passed','Command: named-checkzone -q \'root1.example.test\' \'/tmp/dns3_validate_69315d7796bd9/zone_53988_flat.db\' 2>&1\nExit Code: 0\n\nValidation performed on parent zone \'root1.example.test\' (ID: 53988):\n\n','2025-12-04 10:07:52',2),
(210,53995,'passed','Command: named-checkzone -q \'root1.example.test\' \'/tmp/dns3_validate_69315d7796bd9/zone_53988_flat.db\' 2>&1\nExit Code: 0\n\nValidation performed on parent zone \'root1.example.test\' (ID: 53988):\n\n','2025-12-04 10:07:52',2),
(211,53997,'passed','Command: named-checkzone -q \'root1.example.test\' \'/tmp/dns3_validate_69315d7796bd9/zone_53988_flat.db\' 2>&1\nExit Code: 0\n\nValidation performed on parent zone \'root1.example.test\' (ID: 53988):\n\n','2025-12-04 10:07:52',2),
(212,53998,'passed','Command: named-checkzone -q \'root1.example.test\' \'/tmp/dns3_validate_69315d7796bd9/zone_53988_flat.db\' 2>&1\nExit Code: 0\n\nValidation performed on parent zone \'root1.example.test\' (ID: 53988):\n\n','2025-12-04 10:07:52',2),
(213,54000,'passed','Command: named-checkzone -q \'root1.example.test\' \'/tmp/dns3_validate_69315d7796bd9/zone_53988_flat.db\' 2>&1\nExit Code: 0\n\nValidation performed on parent zone \'root1.example.test\' (ID: 53988):\n\n','2025-12-04 10:07:53',2),
(214,54001,'passed','Command: named-checkzone -q \'root1.example.test\' \'/tmp/dns3_validate_69315d7796bd9/zone_53988_flat.db\' 2>&1\nExit Code: 0\n\nValidation performed on parent zone \'root1.example.test\' (ID: 53988):\n\n','2025-12-04 10:07:53',2),
(215,54003,'passed','Command: named-checkzone -q \'root1.example.test\' \'/tmp/dns3_validate_69315d7796bd9/zone_53988_flat.db\' 2>&1\nExit Code: 0\n\nValidation performed on parent zone \'root1.example.test\' (ID: 53988):\n\n','2025-12-04 10:07:53',2),
(216,54004,'passed','Command: named-checkzone -q \'root1.example.test\' \'/tmp/dns3_validate_69315d7796bd9/zone_53988_flat.db\' 2>&1\nExit Code: 0\n\nValidation performed on parent zone \'root1.example.test\' (ID: 53988):\n\n','2025-12-04 10:07:53',2),
(217,53988,'passed','Command: named-checkzone -q \'root1.example.test\' \'/tmp/dns3_validate_69315d7937e94/zone_53988_flat.db\' 2>&1\nExit Code: 0\n\n','2025-12-04 10:07:53',2),
(218,53989,'passed','Command: named-checkzone -q \'root1.example.test\' \'/tmp/dns3_validate_69315d7937e94/zone_53988_flat.db\' 2>&1\nExit Code: 0\n\nValidation performed on parent zone \'root1.example.test\' (ID: 53988):\n\n','2025-12-04 10:07:53',2),
(219,53990,'passed','Command: named-checkzone -q \'root1.example.test\' \'/tmp/dns3_validate_69315d7937e94/zone_53988_flat.db\' 2>&1\nExit Code: 0\n\nValidation performed on parent zone \'root1.example.test\' (ID: 53988):\n\n','2025-12-04 10:07:53',2),
(220,53993,'passed','Command: named-checkzone -q \'root1.example.test\' \'/tmp/dns3_validate_69315d7937e94/zone_53988_flat.db\' 2>&1\nExit Code: 0\n\nValidation performed on parent zone \'root1.example.test\' (ID: 53988):\n\n','2025-12-04 10:07:53',2),
(221,53996,'passed','Command: named-checkzone -q \'root1.example.test\' \'/tmp/dns3_validate_69315d7937e94/zone_53988_flat.db\' 2>&1\nExit Code: 0\n\nValidation performed on parent zone \'root1.example.test\' (ID: 53988):\n\n','2025-12-04 10:07:53',2),
(222,53999,'passed','Command: named-checkzone -q \'root1.example.test\' \'/tmp/dns3_validate_69315d7937e94/zone_53988_flat.db\' 2>&1\nExit Code: 0\n\nValidation performed on parent zone \'root1.example.test\' (ID: 53988):\n\n','2025-12-04 10:07:53',2),
(223,54002,'passed','Command: named-checkzone -q \'root1.example.test\' \'/tmp/dns3_validate_69315d7937e94/zone_53988_flat.db\' 2>&1\nExit Code: 0\n\nValidation performed on parent zone \'root1.example.test\' (ID: 53988):\n\n','2025-12-04 10:07:53',2),
(224,53991,'passed','Command: named-checkzone -q \'root1.example.test\' \'/tmp/dns3_validate_69315d7937e94/zone_53988_flat.db\' 2>&1\nExit Code: 0\n\nValidation performed on parent zone \'root1.example.test\' (ID: 53988):\n\n','2025-12-04 10:07:53',2),
(225,53992,'passed','Command: named-checkzone -q \'root1.example.test\' \'/tmp/dns3_validate_69315d7937e94/zone_53988_flat.db\' 2>&1\nExit Code: 0\n\nValidation performed on parent zone \'root1.example.test\' (ID: 53988):\n\n','2025-12-04 10:07:53',2),
(226,54010,'passed','Command: named-checkzone -q \'root1.example.test\' \'/tmp/dns3_validate_69315d7937e94/zone_53988_flat.db\' 2>&1\nExit Code: 0\n\nValidation performed on parent zone \'root1.example.test\' (ID: 53988):\n\n','2025-12-04 10:07:53',2),
(227,53994,'passed','Command: named-checkzone -q \'root1.example.test\' \'/tmp/dns3_validate_69315d7937e94/zone_53988_flat.db\' 2>&1\nExit Code: 0\n\nValidation performed on parent zone \'root1.example.test\' (ID: 53988):\n\n','2025-12-04 10:07:53',2),
(228,53995,'passed','Command: named-checkzone -q \'root1.example.test\' \'/tmp/dns3_validate_69315d7937e94/zone_53988_flat.db\' 2>&1\nExit Code: 0\n\nValidation performed on parent zone \'root1.example.test\' (ID: 53988):\n\n','2025-12-04 10:07:53',2),
(229,53997,'passed','Command: named-checkzone -q \'root1.example.test\' \'/tmp/dns3_validate_69315d7937e94/zone_53988_flat.db\' 2>&1\nExit Code: 0\n\nValidation performed on parent zone \'root1.example.test\' (ID: 53988):\n\n','2025-12-04 10:07:53',2),
(230,53998,'passed','Command: named-checkzone -q \'root1.example.test\' \'/tmp/dns3_validate_69315d7937e94/zone_53988_flat.db\' 2>&1\nExit Code: 0\n\nValidation performed on parent zone \'root1.example.test\' (ID: 53988):\n\n','2025-12-04 10:07:53',2),
(231,54000,'passed','Command: named-checkzone -q \'root1.example.test\' \'/tmp/dns3_validate_69315d7937e94/zone_53988_flat.db\' 2>&1\nExit Code: 0\n\nValidation performed on parent zone \'root1.example.test\' (ID: 53988):\n\n','2025-12-04 10:07:53',2),
(232,54001,'passed','Command: named-checkzone -q \'root1.example.test\' \'/tmp/dns3_validate_69315d7937e94/zone_53988_flat.db\' 2>&1\nExit Code: 0\n\nValidation performed on parent zone \'root1.example.test\' (ID: 53988):\n\n','2025-12-04 10:07:53',2),
(233,54003,'passed','Command: named-checkzone -q \'root1.example.test\' \'/tmp/dns3_validate_69315d7937e94/zone_53988_flat.db\' 2>&1\nExit Code: 0\n\nValidation performed on parent zone \'root1.example.test\' (ID: 53988):\n\n','2025-12-04 10:07:53',2),
(234,54004,'passed','Command: named-checkzone -q \'root1.example.test\' \'/tmp/dns3_validate_69315d7937e94/zone_53988_flat.db\' 2>&1\nExit Code: 0\n\nValidation performed on parent zone \'root1.example.test\' (ID: 53988):\n\n','2025-12-04 10:07:53',2),
(235,53988,'passed','Command: named-checkzone -q \'root1.example.test\' \'/tmp/dns3_validate_69315d7a03a4a/zone_53988_flat.db\' 2>&1\nExit Code: 0\n\n','2025-12-04 10:07:54',2),
(236,53989,'passed','Command: named-checkzone -q \'root1.example.test\' \'/tmp/dns3_validate_69315d7a03a4a/zone_53988_flat.db\' 2>&1\nExit Code: 0\n\nValidation performed on parent zone \'root1.example.test\' (ID: 53988):\n\n','2025-12-04 10:07:54',2),
(237,53990,'passed','Command: named-checkzone -q \'root1.example.test\' \'/tmp/dns3_validate_69315d7a03a4a/zone_53988_flat.db\' 2>&1\nExit Code: 0\n\nValidation performed on parent zone \'root1.example.test\' (ID: 53988):\n\n','2025-12-04 10:07:54',2),
(238,53993,'passed','Command: named-checkzone -q \'root1.example.test\' \'/tmp/dns3_validate_69315d7a03a4a/zone_53988_flat.db\' 2>&1\nExit Code: 0\n\nValidation performed on parent zone \'root1.example.test\' (ID: 53988):\n\n','2025-12-04 10:07:54',2),
(239,53996,'passed','Command: named-checkzone -q \'root1.example.test\' \'/tmp/dns3_validate_69315d7a03a4a/zone_53988_flat.db\' 2>&1\nExit Code: 0\n\nValidation performed on parent zone \'root1.example.test\' (ID: 53988):\n\n','2025-12-04 10:07:54',2),
(240,53999,'passed','Command: named-checkzone -q \'root1.example.test\' \'/tmp/dns3_validate_69315d7a03a4a/zone_53988_flat.db\' 2>&1\nExit Code: 0\n\nValidation performed on parent zone \'root1.example.test\' (ID: 53988):\n\n','2025-12-04 10:07:54',2),
(241,54002,'passed','Command: named-checkzone -q \'root1.example.test\' \'/tmp/dns3_validate_69315d7a03a4a/zone_53988_flat.db\' 2>&1\nExit Code: 0\n\nValidation performed on parent zone \'root1.example.test\' (ID: 53988):\n\n','2025-12-04 10:07:54',2),
(242,53991,'passed','Command: named-checkzone -q \'root1.example.test\' \'/tmp/dns3_validate_69315d7a03a4a/zone_53988_flat.db\' 2>&1\nExit Code: 0\n\nValidation performed on parent zone \'root1.example.test\' (ID: 53988):\n\n','2025-12-04 10:07:54',2),
(243,53992,'passed','Command: named-checkzone -q \'root1.example.test\' \'/tmp/dns3_validate_69315d7a03a4a/zone_53988_flat.db\' 2>&1\nExit Code: 0\n\nValidation performed on parent zone \'root1.example.test\' (ID: 53988):\n\n','2025-12-04 10:07:54',2),
(244,54010,'passed','Command: named-checkzone -q \'root1.example.test\' \'/tmp/dns3_validate_69315d7a03a4a/zone_53988_flat.db\' 2>&1\nExit Code: 0\n\nValidation performed on parent zone \'root1.example.test\' (ID: 53988):\n\n','2025-12-04 10:07:54',2),
(245,53994,'passed','Command: named-checkzone -q \'root1.example.test\' \'/tmp/dns3_validate_69315d7a03a4a/zone_53988_flat.db\' 2>&1\nExit Code: 0\n\nValidation performed on parent zone \'root1.example.test\' (ID: 53988):\n\n','2025-12-04 10:07:54',2),
(246,53995,'passed','Command: named-checkzone -q \'root1.example.test\' \'/tmp/dns3_validate_69315d7a03a4a/zone_53988_flat.db\' 2>&1\nExit Code: 0\n\nValidation performed on parent zone \'root1.example.test\' (ID: 53988):\n\n','2025-12-04 10:07:54',2),
(247,53997,'passed','Command: named-checkzone -q \'root1.example.test\' \'/tmp/dns3_validate_69315d7a03a4a/zone_53988_flat.db\' 2>&1\nExit Code: 0\n\nValidation performed on parent zone \'root1.example.test\' (ID: 53988):\n\n','2025-12-04 10:07:54',2),
(248,53998,'passed','Command: named-checkzone -q \'root1.example.test\' \'/tmp/dns3_validate_69315d7a03a4a/zone_53988_flat.db\' 2>&1\nExit Code: 0\n\nValidation performed on parent zone \'root1.example.test\' (ID: 53988):\n\n','2025-12-04 10:07:54',2),
(249,54000,'passed','Command: named-checkzone -q \'root1.example.test\' \'/tmp/dns3_validate_69315d7a03a4a/zone_53988_flat.db\' 2>&1\nExit Code: 0\n\nValidation performed on parent zone \'root1.example.test\' (ID: 53988):\n\n','2025-12-04 10:07:54',2),
(250,54001,'passed','Command: named-checkzone -q \'root1.example.test\' \'/tmp/dns3_validate_69315d7a03a4a/zone_53988_flat.db\' 2>&1\nExit Code: 0\n\nValidation performed on parent zone \'root1.example.test\' (ID: 53988):\n\n','2025-12-04 10:07:54',2),
(251,54003,'passed','Command: named-checkzone -q \'root1.example.test\' \'/tmp/dns3_validate_69315d7a03a4a/zone_53988_flat.db\' 2>&1\nExit Code: 0\n\nValidation performed on parent zone \'root1.example.test\' (ID: 53988):\n\n','2025-12-04 10:07:54',2),
(252,54004,'passed','Command: named-checkzone -q \'root1.example.test\' \'/tmp/dns3_validate_69315d7a03a4a/zone_53988_flat.db\' 2>&1\nExit Code: 0\n\nValidation performed on parent zone \'root1.example.test\' (ID: 53988):\n\n','2025-12-04 10:07:54',2),
(253,53988,'passed','Command: named-checkzone -q \'root1.example.test\' \'/tmp/dns3_validate_69315d7a475ba/zone_53988_flat.db\' 2>&1\nExit Code: 0\n\n','2025-12-04 10:07:54',2),
(254,53989,'passed','Command: named-checkzone -q \'root1.example.test\' \'/tmp/dns3_validate_69315d7a475ba/zone_53988_flat.db\' 2>&1\nExit Code: 0\n\nValidation performed on parent zone \'root1.example.test\' (ID: 53988):\n\n','2025-12-04 10:07:54',2),
(255,53990,'passed','Command: named-checkzone -q \'root1.example.test\' \'/tmp/dns3_validate_69315d7a475ba/zone_53988_flat.db\' 2>&1\nExit Code: 0\n\nValidation performed on parent zone \'root1.example.test\' (ID: 53988):\n\n','2025-12-04 10:07:54',2),
(256,53993,'passed','Command: named-checkzone -q \'root1.example.test\' \'/tmp/dns3_validate_69315d7a475ba/zone_53988_flat.db\' 2>&1\nExit Code: 0\n\nValidation performed on parent zone \'root1.example.test\' (ID: 53988):\n\n','2025-12-04 10:07:54',2),
(257,53996,'passed','Command: named-checkzone -q \'root1.example.test\' \'/tmp/dns3_validate_69315d7a475ba/zone_53988_flat.db\' 2>&1\nExit Code: 0\n\nValidation performed on parent zone \'root1.example.test\' (ID: 53988):\n\n','2025-12-04 10:07:54',2),
(258,53999,'passed','Command: named-checkzone -q \'root1.example.test\' \'/tmp/dns3_validate_69315d7a475ba/zone_53988_flat.db\' 2>&1\nExit Code: 0\n\nValidation performed on parent zone \'root1.example.test\' (ID: 53988):\n\n','2025-12-04 10:07:54',2),
(259,54002,'passed','Command: named-checkzone -q \'root1.example.test\' \'/tmp/dns3_validate_69315d7a475ba/zone_53988_flat.db\' 2>&1\nExit Code: 0\n\nValidation performed on parent zone \'root1.example.test\' (ID: 53988):\n\n','2025-12-04 10:07:54',2),
(260,53991,'passed','Command: named-checkzone -q \'root1.example.test\' \'/tmp/dns3_validate_69315d7a475ba/zone_53988_flat.db\' 2>&1\nExit Code: 0\n\nValidation performed on parent zone \'root1.example.test\' (ID: 53988):\n\n','2025-12-04 10:07:54',2),
(261,53992,'passed','Command: named-checkzone -q \'root1.example.test\' \'/tmp/dns3_validate_69315d7a475ba/zone_53988_flat.db\' 2>&1\nExit Code: 0\n\nValidation performed on parent zone \'root1.example.test\' (ID: 53988):\n\n','2025-12-04 10:07:54',2),
(262,54010,'passed','Command: named-checkzone -q \'root1.example.test\' \'/tmp/dns3_validate_69315d7a475ba/zone_53988_flat.db\' 2>&1\nExit Code: 0\n\nValidation performed on parent zone \'root1.example.test\' (ID: 53988):\n\n','2025-12-04 10:07:54',2),
(263,53994,'passed','Command: named-checkzone -q \'root1.example.test\' \'/tmp/dns3_validate_69315d7a475ba/zone_53988_flat.db\' 2>&1\nExit Code: 0\n\nValidation performed on parent zone \'root1.example.test\' (ID: 53988):\n\n','2025-12-04 10:07:54',2),
(264,53995,'passed','Command: named-checkzone -q \'root1.example.test\' \'/tmp/dns3_validate_69315d7a475ba/zone_53988_flat.db\' 2>&1\nExit Code: 0\n\nValidation performed on parent zone \'root1.example.test\' (ID: 53988):\n\n','2025-12-04 10:07:54',2),
(265,53997,'passed','Command: named-checkzone -q \'root1.example.test\' \'/tmp/dns3_validate_69315d7a475ba/zone_53988_flat.db\' 2>&1\nExit Code: 0\n\nValidation performed on parent zone \'root1.example.test\' (ID: 53988):\n\n','2025-12-04 10:07:54',2),
(266,53998,'passed','Command: named-checkzone -q \'root1.example.test\' \'/tmp/dns3_validate_69315d7a475ba/zone_53988_flat.db\' 2>&1\nExit Code: 0\n\nValidation performed on parent zone \'root1.example.test\' (ID: 53988):\n\n','2025-12-04 10:07:54',2),
(267,54000,'passed','Command: named-checkzone -q \'root1.example.test\' \'/tmp/dns3_validate_69315d7a475ba/zone_53988_flat.db\' 2>&1\nExit Code: 0\n\nValidation performed on parent zone \'root1.example.test\' (ID: 53988):\n\n','2025-12-04 10:07:54',2),
(268,54001,'passed','Command: named-checkzone -q \'root1.example.test\' \'/tmp/dns3_validate_69315d7a475ba/zone_53988_flat.db\' 2>&1\nExit Code: 0\n\nValidation performed on parent zone \'root1.example.test\' (ID: 53988):\n\n','2025-12-04 10:07:54',2),
(269,54003,'passed','Command: named-checkzone -q \'root1.example.test\' \'/tmp/dns3_validate_69315d7a475ba/zone_53988_flat.db\' 2>&1\nExit Code: 0\n\nValidation performed on parent zone \'root1.example.test\' (ID: 53988):\n\n','2025-12-04 10:07:54',2),
(270,54004,'passed','Command: named-checkzone -q \'root1.example.test\' \'/tmp/dns3_validate_69315d7a475ba/zone_53988_flat.db\' 2>&1\nExit Code: 0\n\nValidation performed on parent zone \'root1.example.test\' (ID: 53988):\n\n','2025-12-04 10:07:54',2),
(271,53988,'passed','Command: named-checkzone -q \'root1.example.test\' \'/tmp/dns3_validate_69315d7a5c843/zone_53988_flat.db\' 2>&1\nExit Code: 0\n\n','2025-12-04 10:07:54',2),
(272,53989,'passed','Command: named-checkzone -q \'root1.example.test\' \'/tmp/dns3_validate_69315d7a5c843/zone_53988_flat.db\' 2>&1\nExit Code: 0\n\nValidation performed on parent zone \'root1.example.test\' (ID: 53988):\n\n','2025-12-04 10:07:54',2),
(273,53990,'passed','Command: named-checkzone -q \'root1.example.test\' \'/tmp/dns3_validate_69315d7a5c843/zone_53988_flat.db\' 2>&1\nExit Code: 0\n\nValidation performed on parent zone \'root1.example.test\' (ID: 53988):\n\n','2025-12-04 10:07:54',2),
(274,53993,'passed','Command: named-checkzone -q \'root1.example.test\' \'/tmp/dns3_validate_69315d7a5c843/zone_53988_flat.db\' 2>&1\nExit Code: 0\n\nValidation performed on parent zone \'root1.example.test\' (ID: 53988):\n\n','2025-12-04 10:07:54',2),
(275,53996,'passed','Command: named-checkzone -q \'root1.example.test\' \'/tmp/dns3_validate_69315d7a5c843/zone_53988_flat.db\' 2>&1\nExit Code: 0\n\nValidation performed on parent zone \'root1.example.test\' (ID: 53988):\n\n','2025-12-04 10:07:54',2),
(276,53999,'passed','Command: named-checkzone -q \'root1.example.test\' \'/tmp/dns3_validate_69315d7a5c843/zone_53988_flat.db\' 2>&1\nExit Code: 0\n\nValidation performed on parent zone \'root1.example.test\' (ID: 53988):\n\n','2025-12-04 10:07:54',2),
(277,54002,'passed','Command: named-checkzone -q \'root1.example.test\' \'/tmp/dns3_validate_69315d7a5c843/zone_53988_flat.db\' 2>&1\nExit Code: 0\n\nValidation performed on parent zone \'root1.example.test\' (ID: 53988):\n\n','2025-12-04 10:07:54',2),
(278,53991,'passed','Command: named-checkzone -q \'root1.example.test\' \'/tmp/dns3_validate_69315d7a5c843/zone_53988_flat.db\' 2>&1\nExit Code: 0\n\nValidation performed on parent zone \'root1.example.test\' (ID: 53988):\n\n','2025-12-04 10:07:54',2),
(279,53992,'passed','Command: named-checkzone -q \'root1.example.test\' \'/tmp/dns3_validate_69315d7a5c843/zone_53988_flat.db\' 2>&1\nExit Code: 0\n\nValidation performed on parent zone \'root1.example.test\' (ID: 53988):\n\n','2025-12-04 10:07:54',2),
(280,54010,'passed','Command: named-checkzone -q \'root1.example.test\' \'/tmp/dns3_validate_69315d7a5c843/zone_53988_flat.db\' 2>&1\nExit Code: 0\n\nValidation performed on parent zone \'root1.example.test\' (ID: 53988):\n\n','2025-12-04 10:07:54',2),
(281,53994,'passed','Command: named-checkzone -q \'root1.example.test\' \'/tmp/dns3_validate_69315d7a5c843/zone_53988_flat.db\' 2>&1\nExit Code: 0\n\nValidation performed on parent zone \'root1.example.test\' (ID: 53988):\n\n','2025-12-04 10:07:54',2),
(282,53995,'passed','Command: named-checkzone -q \'root1.example.test\' \'/tmp/dns3_validate_69315d7a5c843/zone_53988_flat.db\' 2>&1\nExit Code: 0\n\nValidation performed on parent zone \'root1.example.test\' (ID: 53988):\n\n','2025-12-04 10:07:54',2),
(283,53997,'passed','Command: named-checkzone -q \'root1.example.test\' \'/tmp/dns3_validate_69315d7a5c843/zone_53988_flat.db\' 2>&1\nExit Code: 0\n\nValidation performed on parent zone \'root1.example.test\' (ID: 53988):\n\n','2025-12-04 10:07:54',2),
(284,53998,'passed','Command: named-checkzone -q \'root1.example.test\' \'/tmp/dns3_validate_69315d7a5c843/zone_53988_flat.db\' 2>&1\nExit Code: 0\n\nValidation performed on parent zone \'root1.example.test\' (ID: 53988):\n\n','2025-12-04 10:07:54',2),
(285,54000,'passed','Command: named-checkzone -q \'root1.example.test\' \'/tmp/dns3_validate_69315d7a5c843/zone_53988_flat.db\' 2>&1\nExit Code: 0\n\nValidation performed on parent zone \'root1.example.test\' (ID: 53988):\n\n','2025-12-04 10:07:54',2),
(286,54001,'passed','Command: named-checkzone -q \'root1.example.test\' \'/tmp/dns3_validate_69315d7a5c843/zone_53988_flat.db\' 2>&1\nExit Code: 0\n\nValidation performed on parent zone \'root1.example.test\' (ID: 53988):\n\n','2025-12-04 10:07:54',2),
(287,54003,'passed','Command: named-checkzone -q \'root1.example.test\' \'/tmp/dns3_validate_69315d7a5c843/zone_53988_flat.db\' 2>&1\nExit Code: 0\n\nValidation performed on parent zone \'root1.example.test\' (ID: 53988):\n\n','2025-12-04 10:07:54',2),
(288,54004,'passed','Command: named-checkzone -q \'root1.example.test\' \'/tmp/dns3_validate_69315d7a5c843/zone_53988_flat.db\' 2>&1\nExit Code: 0\n\nValidation performed on parent zone \'root1.example.test\' (ID: 53988):\n\n','2025-12-04 10:07:54',2),
(289,53988,'passed','Command: named-checkzone -q \'root1.example.test\' \'/tmp/dns3_validate_69315d7a729ed/zone_53988_flat.db\' 2>&1\nExit Code: 0\n\n','2025-12-04 10:07:54',2),
(290,53989,'passed','Command: named-checkzone -q \'root1.example.test\' \'/tmp/dns3_validate_69315d7a729ed/zone_53988_flat.db\' 2>&1\nExit Code: 0\n\nValidation performed on parent zone \'root1.example.test\' (ID: 53988):\n\n','2025-12-04 10:07:54',2),
(291,53990,'passed','Command: named-checkzone -q \'root1.example.test\' \'/tmp/dns3_validate_69315d7a729ed/zone_53988_flat.db\' 2>&1\nExit Code: 0\n\nValidation performed on parent zone \'root1.example.test\' (ID: 53988):\n\n','2025-12-04 10:07:54',2),
(292,53993,'passed','Command: named-checkzone -q \'root1.example.test\' \'/tmp/dns3_validate_69315d7a729ed/zone_53988_flat.db\' 2>&1\nExit Code: 0\n\nValidation performed on parent zone \'root1.example.test\' (ID: 53988):\n\n','2025-12-04 10:07:54',2),
(293,53996,'passed','Command: named-checkzone -q \'root1.example.test\' \'/tmp/dns3_validate_69315d7a729ed/zone_53988_flat.db\' 2>&1\nExit Code: 0\n\nValidation performed on parent zone \'root1.example.test\' (ID: 53988):\n\n','2025-12-04 10:07:54',2),
(294,53999,'passed','Command: named-checkzone -q \'root1.example.test\' \'/tmp/dns3_validate_69315d7a729ed/zone_53988_flat.db\' 2>&1\nExit Code: 0\n\nValidation performed on parent zone \'root1.example.test\' (ID: 53988):\n\n','2025-12-04 10:07:54',2),
(295,54002,'passed','Command: named-checkzone -q \'root1.example.test\' \'/tmp/dns3_validate_69315d7a729ed/zone_53988_flat.db\' 2>&1\nExit Code: 0\n\nValidation performed on parent zone \'root1.example.test\' (ID: 53988):\n\n','2025-12-04 10:07:54',2),
(296,53991,'passed','Command: named-checkzone -q \'root1.example.test\' \'/tmp/dns3_validate_69315d7a729ed/zone_53988_flat.db\' 2>&1\nExit Code: 0\n\nValidation performed on parent zone \'root1.example.test\' (ID: 53988):\n\n','2025-12-04 10:07:54',2),
(297,53992,'passed','Command: named-checkzone -q \'root1.example.test\' \'/tmp/dns3_validate_69315d7a729ed/zone_53988_flat.db\' 2>&1\nExit Code: 0\n\nValidation performed on parent zone \'root1.example.test\' (ID: 53988):\n\n','2025-12-04 10:07:54',2),
(298,54010,'passed','Command: named-checkzone -q \'root1.example.test\' \'/tmp/dns3_validate_69315d7a729ed/zone_53988_flat.db\' 2>&1\nExit Code: 0\n\nValidation performed on parent zone \'root1.example.test\' (ID: 53988):\n\n','2025-12-04 10:07:54',2),
(299,53994,'passed','Command: named-checkzone -q \'root1.example.test\' \'/tmp/dns3_validate_69315d7a729ed/zone_53988_flat.db\' 2>&1\nExit Code: 0\n\nValidation performed on parent zone \'root1.example.test\' (ID: 53988):\n\n','2025-12-04 10:07:54',2),
(300,53995,'passed','Command: named-checkzone -q \'root1.example.test\' \'/tmp/dns3_validate_69315d7a729ed/zone_53988_flat.db\' 2>&1\nExit Code: 0\n\nValidation performed on parent zone \'root1.example.test\' (ID: 53988):\n\n','2025-12-04 10:07:54',2),
(301,53997,'passed','Command: named-checkzone -q \'root1.example.test\' \'/tmp/dns3_validate_69315d7a729ed/zone_53988_flat.db\' 2>&1\nExit Code: 0\n\nValidation performed on parent zone \'root1.example.test\' (ID: 53988):\n\n','2025-12-04 10:07:54',2),
(302,53998,'passed','Command: named-checkzone -q \'root1.example.test\' \'/tmp/dns3_validate_69315d7a729ed/zone_53988_flat.db\' 2>&1\nExit Code: 0\n\nValidation performed on parent zone \'root1.example.test\' (ID: 53988):\n\n','2025-12-04 10:07:54',2),
(303,54000,'passed','Command: named-checkzone -q \'root1.example.test\' \'/tmp/dns3_validate_69315d7a729ed/zone_53988_flat.db\' 2>&1\nExit Code: 0\n\nValidation performed on parent zone \'root1.example.test\' (ID: 53988):\n\n','2025-12-04 10:07:54',2),
(304,54001,'passed','Command: named-checkzone -q \'root1.example.test\' \'/tmp/dns3_validate_69315d7a729ed/zone_53988_flat.db\' 2>&1\nExit Code: 0\n\nValidation performed on parent zone \'root1.example.test\' (ID: 53988):\n\n','2025-12-04 10:07:54',2),
(305,54003,'passed','Command: named-checkzone -q \'root1.example.test\' \'/tmp/dns3_validate_69315d7a729ed/zone_53988_flat.db\' 2>&1\nExit Code: 0\n\nValidation performed on parent zone \'root1.example.test\' (ID: 53988):\n\n','2025-12-04 10:07:54',2),
(306,54004,'passed','Command: named-checkzone -q \'root1.example.test\' \'/tmp/dns3_validate_69315d7a729ed/zone_53988_flat.db\' 2>&1\nExit Code: 0\n\nValidation performed on parent zone \'root1.example.test\' (ID: 53988):\n\n','2025-12-04 10:07:54',2),
(307,53988,'passed','Command: named-checkzone -q \'root1.example.test\' \'/tmp/dns3_validate_69315d7a8d834/zone_53988_flat.db\' 2>&1\nExit Code: 0\n\n','2025-12-04 10:07:54',2),
(308,53989,'passed','Command: named-checkzone -q \'root1.example.test\' \'/tmp/dns3_validate_69315d7a8d834/zone_53988_flat.db\' 2>&1\nExit Code: 0\n\nValidation performed on parent zone \'root1.example.test\' (ID: 53988):\n\n','2025-12-04 10:07:54',2),
(309,53990,'passed','Command: named-checkzone -q \'root1.example.test\' \'/tmp/dns3_validate_69315d7a8d834/zone_53988_flat.db\' 2>&1\nExit Code: 0\n\nValidation performed on parent zone \'root1.example.test\' (ID: 53988):\n\n','2025-12-04 10:07:54',2),
(310,53993,'passed','Command: named-checkzone -q \'root1.example.test\' \'/tmp/dns3_validate_69315d7a8d834/zone_53988_flat.db\' 2>&1\nExit Code: 0\n\nValidation performed on parent zone \'root1.example.test\' (ID: 53988):\n\n','2025-12-04 10:07:54',2),
(311,53996,'passed','Command: named-checkzone -q \'root1.example.test\' \'/tmp/dns3_validate_69315d7a8d834/zone_53988_flat.db\' 2>&1\nExit Code: 0\n\nValidation performed on parent zone \'root1.example.test\' (ID: 53988):\n\n','2025-12-04 10:07:54',2),
(312,53999,'passed','Command: named-checkzone -q \'root1.example.test\' \'/tmp/dns3_validate_69315d7a8d834/zone_53988_flat.db\' 2>&1\nExit Code: 0\n\nValidation performed on parent zone \'root1.example.test\' (ID: 53988):\n\n','2025-12-04 10:07:54',2),
(313,54002,'passed','Command: named-checkzone -q \'root1.example.test\' \'/tmp/dns3_validate_69315d7a8d834/zone_53988_flat.db\' 2>&1\nExit Code: 0\n\nValidation performed on parent zone \'root1.example.test\' (ID: 53988):\n\n','2025-12-04 10:07:54',2),
(314,53991,'passed','Command: named-checkzone -q \'root1.example.test\' \'/tmp/dns3_validate_69315d7a8d834/zone_53988_flat.db\' 2>&1\nExit Code: 0\n\nValidation performed on parent zone \'root1.example.test\' (ID: 53988):\n\n','2025-12-04 10:07:54',2),
(315,53992,'passed','Command: named-checkzone -q \'root1.example.test\' \'/tmp/dns3_validate_69315d7a8d834/zone_53988_flat.db\' 2>&1\nExit Code: 0\n\nValidation performed on parent zone \'root1.example.test\' (ID: 53988):\n\n','2025-12-04 10:07:54',2),
(316,54010,'passed','Command: named-checkzone -q \'root1.example.test\' \'/tmp/dns3_validate_69315d7a8d834/zone_53988_flat.db\' 2>&1\nExit Code: 0\n\nValidation performed on parent zone \'root1.example.test\' (ID: 53988):\n\n','2025-12-04 10:07:54',2),
(317,53994,'passed','Command: named-checkzone -q \'root1.example.test\' \'/tmp/dns3_validate_69315d7a8d834/zone_53988_flat.db\' 2>&1\nExit Code: 0\n\nValidation performed on parent zone \'root1.example.test\' (ID: 53988):\n\n','2025-12-04 10:07:54',2),
(318,53995,'passed','Command: named-checkzone -q \'root1.example.test\' \'/tmp/dns3_validate_69315d7a8d834/zone_53988_flat.db\' 2>&1\nExit Code: 0\n\nValidation performed on parent zone \'root1.example.test\' (ID: 53988):\n\n','2025-12-04 10:07:54',2),
(319,53997,'passed','Command: named-checkzone -q \'root1.example.test\' \'/tmp/dns3_validate_69315d7a8d834/zone_53988_flat.db\' 2>&1\nExit Code: 0\n\nValidation performed on parent zone \'root1.example.test\' (ID: 53988):\n\n','2025-12-04 10:07:54',2),
(320,53998,'passed','Command: named-checkzone -q \'root1.example.test\' \'/tmp/dns3_validate_69315d7a8d834/zone_53988_flat.db\' 2>&1\nExit Code: 0\n\nValidation performed on parent zone \'root1.example.test\' (ID: 53988):\n\n','2025-12-04 10:07:54',2),
(321,54000,'passed','Command: named-checkzone -q \'root1.example.test\' \'/tmp/dns3_validate_69315d7a8d834/zone_53988_flat.db\' 2>&1\nExit Code: 0\n\nValidation performed on parent zone \'root1.example.test\' (ID: 53988):\n\n','2025-12-04 10:07:54',2),
(322,54001,'passed','Command: named-checkzone -q \'root1.example.test\' \'/tmp/dns3_validate_69315d7a8d834/zone_53988_flat.db\' 2>&1\nExit Code: 0\n\nValidation performed on parent zone \'root1.example.test\' (ID: 53988):\n\n','2025-12-04 10:07:54',2),
(323,54003,'passed','Command: named-checkzone -q \'root1.example.test\' \'/tmp/dns3_validate_69315d7a8d834/zone_53988_flat.db\' 2>&1\nExit Code: 0\n\nValidation performed on parent zone \'root1.example.test\' (ID: 53988):\n\n','2025-12-04 10:07:54',2),
(324,54004,'passed','Command: named-checkzone -q \'root1.example.test\' \'/tmp/dns3_validate_69315d7a8d834/zone_53988_flat.db\' 2>&1\nExit Code: 0\n\nValidation performed on parent zone \'root1.example.test\' (ID: 53988):\n\n','2025-12-04 10:07:54',2),
(325,54010,'pending','Validation queued for top master zone (ID: 53988)','2025-12-04 10:08:05',2),
(326,53988,'pending','Validation queued for background processing','2025-12-04 10:08:05',2),
(327,53988,'passed','Command: named-checkzone -q \'root1.example.test\' \'/tmp/dns3_validate_69315d893df3a/zone_53988_flat.db\' 2>&1\nExit Code: 0\n\n','2025-12-04 10:08:09',2),
(328,53989,'passed','Command: named-checkzone -q \'root1.example.test\' \'/tmp/dns3_validate_69315d893df3a/zone_53988_flat.db\' 2>&1\nExit Code: 0\n\nValidation performed on parent zone \'root1.example.test\' (ID: 53988):\n\n','2025-12-04 10:08:09',2),
(329,53990,'passed','Command: named-checkzone -q \'root1.example.test\' \'/tmp/dns3_validate_69315d893df3a/zone_53988_flat.db\' 2>&1\nExit Code: 0\n\nValidation performed on parent zone \'root1.example.test\' (ID: 53988):\n\n','2025-12-04 10:08:09',2),
(330,53993,'passed','Command: named-checkzone -q \'root1.example.test\' \'/tmp/dns3_validate_69315d893df3a/zone_53988_flat.db\' 2>&1\nExit Code: 0\n\nValidation performed on parent zone \'root1.example.test\' (ID: 53988):\n\n','2025-12-04 10:08:09',2),
(331,53996,'passed','Command: named-checkzone -q \'root1.example.test\' \'/tmp/dns3_validate_69315d893df3a/zone_53988_flat.db\' 2>&1\nExit Code: 0\n\nValidation performed on parent zone \'root1.example.test\' (ID: 53988):\n\n','2025-12-04 10:08:09',2),
(332,53999,'passed','Command: named-checkzone -q \'root1.example.test\' \'/tmp/dns3_validate_69315d893df3a/zone_53988_flat.db\' 2>&1\nExit Code: 0\n\nValidation performed on parent zone \'root1.example.test\' (ID: 53988):\n\n','2025-12-04 10:08:09',2),
(333,54002,'passed','Command: named-checkzone -q \'root1.example.test\' \'/tmp/dns3_validate_69315d893df3a/zone_53988_flat.db\' 2>&1\nExit Code: 0\n\nValidation performed on parent zone \'root1.example.test\' (ID: 53988):\n\n','2025-12-04 10:08:09',2),
(334,53991,'passed','Command: named-checkzone -q \'root1.example.test\' \'/tmp/dns3_validate_69315d893df3a/zone_53988_flat.db\' 2>&1\nExit Code: 0\n\nValidation performed on parent zone \'root1.example.test\' (ID: 53988):\n\n','2025-12-04 10:08:09',2),
(335,53992,'passed','Command: named-checkzone -q \'root1.example.test\' \'/tmp/dns3_validate_69315d893df3a/zone_53988_flat.db\' 2>&1\nExit Code: 0\n\nValidation performed on parent zone \'root1.example.test\' (ID: 53988):\n\n','2025-12-04 10:08:09',2),
(336,54010,'passed','Command: named-checkzone -q \'root1.example.test\' \'/tmp/dns3_validate_69315d893df3a/zone_53988_flat.db\' 2>&1\nExit Code: 0\n\nValidation performed on parent zone \'root1.example.test\' (ID: 53988):\n\n','2025-12-04 10:08:09',2),
(337,53994,'passed','Command: named-checkzone -q \'root1.example.test\' \'/tmp/dns3_validate_69315d893df3a/zone_53988_flat.db\' 2>&1\nExit Code: 0\n\nValidation performed on parent zone \'root1.example.test\' (ID: 53988):\n\n','2025-12-04 10:08:09',2),
(338,53995,'passed','Command: named-checkzone -q \'root1.example.test\' \'/tmp/dns3_validate_69315d893df3a/zone_53988_flat.db\' 2>&1\nExit Code: 0\n\nValidation performed on parent zone \'root1.example.test\' (ID: 53988):\n\n','2025-12-04 10:08:09',2),
(339,53997,'passed','Command: named-checkzone -q \'root1.example.test\' \'/tmp/dns3_validate_69315d893df3a/zone_53988_flat.db\' 2>&1\nExit Code: 0\n\nValidation performed on parent zone \'root1.example.test\' (ID: 53988):\n\n','2025-12-04 10:08:09',2),
(340,53998,'passed','Command: named-checkzone -q \'root1.example.test\' \'/tmp/dns3_validate_69315d893df3a/zone_53988_flat.db\' 2>&1\nExit Code: 0\n\nValidation performed on parent zone \'root1.example.test\' (ID: 53988):\n\n','2025-12-04 10:08:09',2),
(341,54000,'passed','Command: named-checkzone -q \'root1.example.test\' \'/tmp/dns3_validate_69315d893df3a/zone_53988_flat.db\' 2>&1\nExit Code: 0\n\nValidation performed on parent zone \'root1.example.test\' (ID: 53988):\n\n','2025-12-04 10:08:09',2),
(342,54001,'passed','Command: named-checkzone -q \'root1.example.test\' \'/tmp/dns3_validate_69315d893df3a/zone_53988_flat.db\' 2>&1\nExit Code: 0\n\nValidation performed on parent zone \'root1.example.test\' (ID: 53988):\n\n','2025-12-04 10:08:09',2),
(343,54003,'passed','Command: named-checkzone -q \'root1.example.test\' \'/tmp/dns3_validate_69315d893df3a/zone_53988_flat.db\' 2>&1\nExit Code: 0\n\nValidation performed on parent zone \'root1.example.test\' (ID: 53988):\n\n','2025-12-04 10:08:09',2),
(344,54004,'passed','Command: named-checkzone -q \'root1.example.test\' \'/tmp/dns3_validate_69315d893df3a/zone_53988_flat.db\' 2>&1\nExit Code: 0\n\nValidation performed on parent zone \'root1.example.test\' (ID: 53988):\n\n','2025-12-04 10:08:09',2),
(345,54010,'pending','Validation queued for top master zone (ID: 53988)','2025-12-04 10:08:45',2),
(346,53988,'pending','Validation queued for background processing','2025-12-04 10:08:45',2),
(347,53988,'passed','Command: named-checkzone -q \'root1.example.test\' \'/tmp/dns3_validate_69315db002426/zone_53988_flat.db\' 2>&1\nExit Code: 0\n\n','2025-12-04 10:08:48',2),
(348,53989,'passed','Command: named-checkzone -q \'root1.example.test\' \'/tmp/dns3_validate_69315db002426/zone_53988_flat.db\' 2>&1\nExit Code: 0\n\nValidation performed on parent zone \'root1.example.test\' (ID: 53988):\n\n','2025-12-04 10:08:48',2),
(349,53990,'passed','Command: named-checkzone -q \'root1.example.test\' \'/tmp/dns3_validate_69315db002426/zone_53988_flat.db\' 2>&1\nExit Code: 0\n\nValidation performed on parent zone \'root1.example.test\' (ID: 53988):\n\n','2025-12-04 10:08:48',2),
(350,53993,'passed','Command: named-checkzone -q \'root1.example.test\' \'/tmp/dns3_validate_69315db002426/zone_53988_flat.db\' 2>&1\nExit Code: 0\n\nValidation performed on parent zone \'root1.example.test\' (ID: 53988):\n\n','2025-12-04 10:08:48',2),
(351,53996,'passed','Command: named-checkzone -q \'root1.example.test\' \'/tmp/dns3_validate_69315db002426/zone_53988_flat.db\' 2>&1\nExit Code: 0\n\nValidation performed on parent zone \'root1.example.test\' (ID: 53988):\n\n','2025-12-04 10:08:48',2),
(352,53999,'passed','Command: named-checkzone -q \'root1.example.test\' \'/tmp/dns3_validate_69315db002426/zone_53988_flat.db\' 2>&1\nExit Code: 0\n\nValidation performed on parent zone \'root1.example.test\' (ID: 53988):\n\n','2025-12-04 10:08:48',2),
(353,54002,'passed','Command: named-checkzone -q \'root1.example.test\' \'/tmp/dns3_validate_69315db002426/zone_53988_flat.db\' 2>&1\nExit Code: 0\n\nValidation performed on parent zone \'root1.example.test\' (ID: 53988):\n\n','2025-12-04 10:08:48',2),
(354,53991,'passed','Command: named-checkzone -q \'root1.example.test\' \'/tmp/dns3_validate_69315db002426/zone_53988_flat.db\' 2>&1\nExit Code: 0\n\nValidation performed on parent zone \'root1.example.test\' (ID: 53988):\n\n','2025-12-04 10:08:48',2),
(355,53992,'passed','Command: named-checkzone -q \'root1.example.test\' \'/tmp/dns3_validate_69315db002426/zone_53988_flat.db\' 2>&1\nExit Code: 0\n\nValidation performed on parent zone \'root1.example.test\' (ID: 53988):\n\n','2025-12-04 10:08:48',2),
(356,54010,'passed','Command: named-checkzone -q \'root1.example.test\' \'/tmp/dns3_validate_69315db002426/zone_53988_flat.db\' 2>&1\nExit Code: 0\n\nValidation performed on parent zone \'root1.example.test\' (ID: 53988):\n\n','2025-12-04 10:08:48',2),
(357,53994,'passed','Command: named-checkzone -q \'root1.example.test\' \'/tmp/dns3_validate_69315db002426/zone_53988_flat.db\' 2>&1\nExit Code: 0\n\nValidation performed on parent zone \'root1.example.test\' (ID: 53988):\n\n','2025-12-04 10:08:48',2),
(358,53995,'passed','Command: named-checkzone -q \'root1.example.test\' \'/tmp/dns3_validate_69315db002426/zone_53988_flat.db\' 2>&1\nExit Code: 0\n\nValidation performed on parent zone \'root1.example.test\' (ID: 53988):\n\n','2025-12-04 10:08:48',2),
(359,53997,'passed','Command: named-checkzone -q \'root1.example.test\' \'/tmp/dns3_validate_69315db002426/zone_53988_flat.db\' 2>&1\nExit Code: 0\n\nValidation performed on parent zone \'root1.example.test\' (ID: 53988):\n\n','2025-12-04 10:08:48',2),
(360,53998,'passed','Command: named-checkzone -q \'root1.example.test\' \'/tmp/dns3_validate_69315db002426/zone_53988_flat.db\' 2>&1\nExit Code: 0\n\nValidation performed on parent zone \'root1.example.test\' (ID: 53988):\n\n','2025-12-04 10:08:48',2),
(361,54000,'passed','Command: named-checkzone -q \'root1.example.test\' \'/tmp/dns3_validate_69315db002426/zone_53988_flat.db\' 2>&1\nExit Code: 0\n\nValidation performed on parent zone \'root1.example.test\' (ID: 53988):\n\n','2025-12-04 10:08:48',2),
(362,54001,'passed','Command: named-checkzone -q \'root1.example.test\' \'/tmp/dns3_validate_69315db002426/zone_53988_flat.db\' 2>&1\nExit Code: 0\n\nValidation performed on parent zone \'root1.example.test\' (ID: 53988):\n\n','2025-12-04 10:08:48',2),
(363,54003,'passed','Command: named-checkzone -q \'root1.example.test\' \'/tmp/dns3_validate_69315db002426/zone_53988_flat.db\' 2>&1\nExit Code: 0\n\nValidation performed on parent zone \'root1.example.test\' (ID: 53988):\n\n','2025-12-04 10:08:48',2),
(364,54004,'passed','Command: named-checkzone -q \'root1.example.test\' \'/tmp/dns3_validate_69315db002426/zone_53988_flat.db\' 2>&1\nExit Code: 0\n\nValidation performed on parent zone \'root1.example.test\' (ID: 53988):\n\n','2025-12-04 10:08:48',2),
(365,54010,'pending','Validation queued for top master zone (ID: 53988)','2025-12-05 12:53:07',2),
(366,53988,'pending','Validation queued for background processing','2025-12-05 12:53:07',2),
(367,53988,'passed','Command: named-checkzone -q \'root1.example.test\' \'/tmp/dns3_validate_6932d5ccc6ed7/zone_53988_flat.db\' 2>&1\nExit Code: 0\n\n','2025-12-05 12:53:32',2),
(368,53989,'passed','Command: named-checkzone -q \'root1.example.test\' \'/tmp/dns3_validate_6932d5ccc6ed7/zone_53988_flat.db\' 2>&1\nExit Code: 0\n\nValidation performed on parent zone \'root1.example.test\' (ID: 53988):\n\n','2025-12-05 12:53:32',2),
(369,53990,'passed','Command: named-checkzone -q \'root1.example.test\' \'/tmp/dns3_validate_6932d5ccc6ed7/zone_53988_flat.db\' 2>&1\nExit Code: 0\n\nValidation performed on parent zone \'root1.example.test\' (ID: 53988):\n\n','2025-12-05 12:53:32',2),
(370,53993,'passed','Command: named-checkzone -q \'root1.example.test\' \'/tmp/dns3_validate_6932d5ccc6ed7/zone_53988_flat.db\' 2>&1\nExit Code: 0\n\nValidation performed on parent zone \'root1.example.test\' (ID: 53988):\n\n','2025-12-05 12:53:32',2),
(371,53996,'passed','Command: named-checkzone -q \'root1.example.test\' \'/tmp/dns3_validate_6932d5ccc6ed7/zone_53988_flat.db\' 2>&1\nExit Code: 0\n\nValidation performed on parent zone \'root1.example.test\' (ID: 53988):\n\n','2025-12-05 12:53:32',2),
(372,53999,'passed','Command: named-checkzone -q \'root1.example.test\' \'/tmp/dns3_validate_6932d5ccc6ed7/zone_53988_flat.db\' 2>&1\nExit Code: 0\n\nValidation performed on parent zone \'root1.example.test\' (ID: 53988):\n\n','2025-12-05 12:53:32',2),
(373,54002,'passed','Command: named-checkzone -q \'root1.example.test\' \'/tmp/dns3_validate_6932d5ccc6ed7/zone_53988_flat.db\' 2>&1\nExit Code: 0\n\nValidation performed on parent zone \'root1.example.test\' (ID: 53988):\n\n','2025-12-05 12:53:32',2),
(374,53991,'passed','Command: named-checkzone -q \'root1.example.test\' \'/tmp/dns3_validate_6932d5ccc6ed7/zone_53988_flat.db\' 2>&1\nExit Code: 0\n\nValidation performed on parent zone \'root1.example.test\' (ID: 53988):\n\n','2025-12-05 12:53:32',2),
(375,53992,'passed','Command: named-checkzone -q \'root1.example.test\' \'/tmp/dns3_validate_6932d5ccc6ed7/zone_53988_flat.db\' 2>&1\nExit Code: 0\n\nValidation performed on parent zone \'root1.example.test\' (ID: 53988):\n\n','2025-12-05 12:53:32',2),
(376,54010,'passed','Command: named-checkzone -q \'root1.example.test\' \'/tmp/dns3_validate_6932d5ccc6ed7/zone_53988_flat.db\' 2>&1\nExit Code: 0\n\nValidation performed on parent zone \'root1.example.test\' (ID: 53988):\n\n','2025-12-05 12:53:32',2),
(377,53994,'passed','Command: named-checkzone -q \'root1.example.test\' \'/tmp/dns3_validate_6932d5ccc6ed7/zone_53988_flat.db\' 2>&1\nExit Code: 0\n\nValidation performed on parent zone \'root1.example.test\' (ID: 53988):\n\n','2025-12-05 12:53:32',2),
(378,53995,'passed','Command: named-checkzone -q \'root1.example.test\' \'/tmp/dns3_validate_6932d5ccc6ed7/zone_53988_flat.db\' 2>&1\nExit Code: 0\n\nValidation performed on parent zone \'root1.example.test\' (ID: 53988):\n\n','2025-12-05 12:53:32',2),
(379,53997,'passed','Command: named-checkzone -q \'root1.example.test\' \'/tmp/dns3_validate_6932d5ccc6ed7/zone_53988_flat.db\' 2>&1\nExit Code: 0\n\nValidation performed on parent zone \'root1.example.test\' (ID: 53988):\n\n','2025-12-05 12:53:32',2),
(380,53998,'passed','Command: named-checkzone -q \'root1.example.test\' \'/tmp/dns3_validate_6932d5ccc6ed7/zone_53988_flat.db\' 2>&1\nExit Code: 0\n\nValidation performed on parent zone \'root1.example.test\' (ID: 53988):\n\n','2025-12-05 12:53:32',2),
(381,54000,'passed','Command: named-checkzone -q \'root1.example.test\' \'/tmp/dns3_validate_6932d5ccc6ed7/zone_53988_flat.db\' 2>&1\nExit Code: 0\n\nValidation performed on parent zone \'root1.example.test\' (ID: 53988):\n\n','2025-12-05 12:53:32',2),
(382,54001,'passed','Command: named-checkzone -q \'root1.example.test\' \'/tmp/dns3_validate_6932d5ccc6ed7/zone_53988_flat.db\' 2>&1\nExit Code: 0\n\nValidation performed on parent zone \'root1.example.test\' (ID: 53988):\n\n','2025-12-05 12:53:32',2),
(383,54003,'passed','Command: named-checkzone -q \'root1.example.test\' \'/tmp/dns3_validate_6932d5ccc6ed7/zone_53988_flat.db\' 2>&1\nExit Code: 0\n\nValidation performed on parent zone \'root1.example.test\' (ID: 53988):\n\n','2025-12-05 12:53:32',2),
(384,54004,'passed','Command: named-checkzone -q \'root1.example.test\' \'/tmp/dns3_validate_6932d5ccc6ed7/zone_53988_flat.db\' 2>&1\nExit Code: 0\n\nValidation performed on parent zone \'root1.example.test\' (ID: 53988):\n\n','2025-12-05 12:53:32',2),
(385,53988,'pending','Validation queued for background processing','2025-12-05 13:49:04',2),
(386,53988,'passed','Command: named-checkzone -q \'root1.example.test\' \'/tmp/dns3_validate_6932e2eb24804/zone_53988_flat.db\' 2>&1\nExit Code: 0\n\n','2025-12-05 13:49:31',2),
(387,53989,'passed','Command: named-checkzone -q \'root1.example.test\' \'/tmp/dns3_validate_6932e2eb24804/zone_53988_flat.db\' 2>&1\nExit Code: 0\n\nValidation performed on parent zone \'root1.example.test\' (ID: 53988):\n\n','2025-12-05 13:49:31',2),
(388,53990,'passed','Command: named-checkzone -q \'root1.example.test\' \'/tmp/dns3_validate_6932e2eb24804/zone_53988_flat.db\' 2>&1\nExit Code: 0\n\nValidation performed on parent zone \'root1.example.test\' (ID: 53988):\n\n','2025-12-05 13:49:31',2),
(389,53993,'passed','Command: named-checkzone -q \'root1.example.test\' \'/tmp/dns3_validate_6932e2eb24804/zone_53988_flat.db\' 2>&1\nExit Code: 0\n\nValidation performed on parent zone \'root1.example.test\' (ID: 53988):\n\n','2025-12-05 13:49:31',2),
(390,53996,'passed','Command: named-checkzone -q \'root1.example.test\' \'/tmp/dns3_validate_6932e2eb24804/zone_53988_flat.db\' 2>&1\nExit Code: 0\n\nValidation performed on parent zone \'root1.example.test\' (ID: 53988):\n\n','2025-12-05 13:49:31',2),
(391,53999,'passed','Command: named-checkzone -q \'root1.example.test\' \'/tmp/dns3_validate_6932e2eb24804/zone_53988_flat.db\' 2>&1\nExit Code: 0\n\nValidation performed on parent zone \'root1.example.test\' (ID: 53988):\n\n','2025-12-05 13:49:31',2),
(392,54002,'passed','Command: named-checkzone -q \'root1.example.test\' \'/tmp/dns3_validate_6932e2eb24804/zone_53988_flat.db\' 2>&1\nExit Code: 0\n\nValidation performed on parent zone \'root1.example.test\' (ID: 53988):\n\n','2025-12-05 13:49:31',2),
(393,53991,'passed','Command: named-checkzone -q \'root1.example.test\' \'/tmp/dns3_validate_6932e2eb24804/zone_53988_flat.db\' 2>&1\nExit Code: 0\n\nValidation performed on parent zone \'root1.example.test\' (ID: 53988):\n\n','2025-12-05 13:49:31',2),
(394,53992,'passed','Command: named-checkzone -q \'root1.example.test\' \'/tmp/dns3_validate_6932e2eb24804/zone_53988_flat.db\' 2>&1\nExit Code: 0\n\nValidation performed on parent zone \'root1.example.test\' (ID: 53988):\n\n','2025-12-05 13:49:31',2),
(395,54010,'passed','Command: named-checkzone -q \'root1.example.test\' \'/tmp/dns3_validate_6932e2eb24804/zone_53988_flat.db\' 2>&1\nExit Code: 0\n\nValidation performed on parent zone \'root1.example.test\' (ID: 53988):\n\n','2025-12-05 13:49:31',2),
(396,53994,'passed','Command: named-checkzone -q \'root1.example.test\' \'/tmp/dns3_validate_6932e2eb24804/zone_53988_flat.db\' 2>&1\nExit Code: 0\n\nValidation performed on parent zone \'root1.example.test\' (ID: 53988):\n\n','2025-12-05 13:49:31',2),
(397,53995,'passed','Command: named-checkzone -q \'root1.example.test\' \'/tmp/dns3_validate_6932e2eb24804/zone_53988_flat.db\' 2>&1\nExit Code: 0\n\nValidation performed on parent zone \'root1.example.test\' (ID: 53988):\n\n','2025-12-05 13:49:31',2),
(398,53997,'passed','Command: named-checkzone -q \'root1.example.test\' \'/tmp/dns3_validate_6932e2eb24804/zone_53988_flat.db\' 2>&1\nExit Code: 0\n\nValidation performed on parent zone \'root1.example.test\' (ID: 53988):\n\n','2025-12-05 13:49:31',2),
(399,53998,'passed','Command: named-checkzone -q \'root1.example.test\' \'/tmp/dns3_validate_6932e2eb24804/zone_53988_flat.db\' 2>&1\nExit Code: 0\n\nValidation performed on parent zone \'root1.example.test\' (ID: 53988):\n\n','2025-12-05 13:49:31',2),
(400,54000,'passed','Command: named-checkzone -q \'root1.example.test\' \'/tmp/dns3_validate_6932e2eb24804/zone_53988_flat.db\' 2>&1\nExit Code: 0\n\nValidation performed on parent zone \'root1.example.test\' (ID: 53988):\n\n','2025-12-05 13:49:31',2),
(401,54001,'passed','Command: named-checkzone -q \'root1.example.test\' \'/tmp/dns3_validate_6932e2eb24804/zone_53988_flat.db\' 2>&1\nExit Code: 0\n\nValidation performed on parent zone \'root1.example.test\' (ID: 53988):\n\n','2025-12-05 13:49:31',2),
(402,54003,'passed','Command: named-checkzone -q \'root1.example.test\' \'/tmp/dns3_validate_6932e2eb24804/zone_53988_flat.db\' 2>&1\nExit Code: 0\n\nValidation performed on parent zone \'root1.example.test\' (ID: 53988):\n\n','2025-12-05 13:49:31',2),
(403,54004,'passed','Command: named-checkzone -q \'root1.example.test\' \'/tmp/dns3_validate_6932e2eb24804/zone_53988_flat.db\' 2>&1\nExit Code: 0\n\nValidation performed on parent zone \'root1.example.test\' (ID: 53988):\n\n','2025-12-05 13:49:31',2),
(404,53988,'pending','Validation queued for background processing','2025-12-05 13:51:39',2),
(405,54011,'pending','Validation queued for background processing','2025-12-05 14:37:38',2),
(406,54011,'pending','Validation queued for background processing','2025-12-05 14:37:46',2),
(407,53988,'passed','Command: named-checkzone -q \'root1.example.test\' \'/tmp/dns3_validate_6932ee4a09d14/zone_53988_flat.db\' 2>&1\nExit Code: 0\n\n','2025-12-05 14:38:02',2),
(408,53989,'passed','Command: named-checkzone -q \'root1.example.test\' \'/tmp/dns3_validate_6932ee4a09d14/zone_53988_flat.db\' 2>&1\nExit Code: 0\n\nValidation performed on parent zone \'root1.example.test\' (ID: 53988):\n\n','2025-12-05 14:38:02',2),
(409,53990,'passed','Command: named-checkzone -q \'root1.example.test\' \'/tmp/dns3_validate_6932ee4a09d14/zone_53988_flat.db\' 2>&1\nExit Code: 0\n\nValidation performed on parent zone \'root1.example.test\' (ID: 53988):\n\n','2025-12-05 14:38:02',2),
(410,53993,'passed','Command: named-checkzone -q \'root1.example.test\' \'/tmp/dns3_validate_6932ee4a09d14/zone_53988_flat.db\' 2>&1\nExit Code: 0\n\nValidation performed on parent zone \'root1.example.test\' (ID: 53988):\n\n','2025-12-05 14:38:02',2),
(411,53996,'passed','Command: named-checkzone -q \'root1.example.test\' \'/tmp/dns3_validate_6932ee4a09d14/zone_53988_flat.db\' 2>&1\nExit Code: 0\n\nValidation performed on parent zone \'root1.example.test\' (ID: 53988):\n\n','2025-12-05 14:38:02',2),
(412,53999,'passed','Command: named-checkzone -q \'root1.example.test\' \'/tmp/dns3_validate_6932ee4a09d14/zone_53988_flat.db\' 2>&1\nExit Code: 0\n\nValidation performed on parent zone \'root1.example.test\' (ID: 53988):\n\n','2025-12-05 14:38:02',2),
(413,54002,'passed','Command: named-checkzone -q \'root1.example.test\' \'/tmp/dns3_validate_6932ee4a09d14/zone_53988_flat.db\' 2>&1\nExit Code: 0\n\nValidation performed on parent zone \'root1.example.test\' (ID: 53988):\n\n','2025-12-05 14:38:02',2),
(414,53991,'passed','Command: named-checkzone -q \'root1.example.test\' \'/tmp/dns3_validate_6932ee4a09d14/zone_53988_flat.db\' 2>&1\nExit Code: 0\n\nValidation performed on parent zone \'root1.example.test\' (ID: 53988):\n\n','2025-12-05 14:38:02',2),
(415,53992,'passed','Command: named-checkzone -q \'root1.example.test\' \'/tmp/dns3_validate_6932ee4a09d14/zone_53988_flat.db\' 2>&1\nExit Code: 0\n\nValidation performed on parent zone \'root1.example.test\' (ID: 53988):\n\n','2025-12-05 14:38:02',2),
(416,54010,'passed','Command: named-checkzone -q \'root1.example.test\' \'/tmp/dns3_validate_6932ee4a09d14/zone_53988_flat.db\' 2>&1\nExit Code: 0\n\nValidation performed on parent zone \'root1.example.test\' (ID: 53988):\n\n','2025-12-05 14:38:02',2),
(417,53994,'passed','Command: named-checkzone -q \'root1.example.test\' \'/tmp/dns3_validate_6932ee4a09d14/zone_53988_flat.db\' 2>&1\nExit Code: 0\n\nValidation performed on parent zone \'root1.example.test\' (ID: 53988):\n\n','2025-12-05 14:38:02',2),
(418,53995,'passed','Command: named-checkzone -q \'root1.example.test\' \'/tmp/dns3_validate_6932ee4a09d14/zone_53988_flat.db\' 2>&1\nExit Code: 0\n\nValidation performed on parent zone \'root1.example.test\' (ID: 53988):\n\n','2025-12-05 14:38:02',2),
(419,53997,'passed','Command: named-checkzone -q \'root1.example.test\' \'/tmp/dns3_validate_6932ee4a09d14/zone_53988_flat.db\' 2>&1\nExit Code: 0\n\nValidation performed on parent zone \'root1.example.test\' (ID: 53988):\n\n','2025-12-05 14:38:02',2),
(420,53998,'passed','Command: named-checkzone -q \'root1.example.test\' \'/tmp/dns3_validate_6932ee4a09d14/zone_53988_flat.db\' 2>&1\nExit Code: 0\n\nValidation performed on parent zone \'root1.example.test\' (ID: 53988):\n\n','2025-12-05 14:38:02',2),
(421,54000,'passed','Command: named-checkzone -q \'root1.example.test\' \'/tmp/dns3_validate_6932ee4a09d14/zone_53988_flat.db\' 2>&1\nExit Code: 0\n\nValidation performed on parent zone \'root1.example.test\' (ID: 53988):\n\n','2025-12-05 14:38:02',2),
(422,54001,'passed','Command: named-checkzone -q \'root1.example.test\' \'/tmp/dns3_validate_6932ee4a09d14/zone_53988_flat.db\' 2>&1\nExit Code: 0\n\nValidation performed on parent zone \'root1.example.test\' (ID: 53988):\n\n','2025-12-05 14:38:02',2),
(423,54003,'passed','Command: named-checkzone -q \'root1.example.test\' \'/tmp/dns3_validate_6932ee4a09d14/zone_53988_flat.db\' 2>&1\nExit Code: 0\n\nValidation performed on parent zone \'root1.example.test\' (ID: 53988):\n\n','2025-12-05 14:38:02',2),
(424,54004,'passed','Command: named-checkzone -q \'root1.example.test\' \'/tmp/dns3_validate_6932ee4a09d14/zone_53988_flat.db\' 2>&1\nExit Code: 0\n\nValidation performed on parent zone \'root1.example.test\' (ID: 53988):\n\n','2025-12-05 14:38:02',2),
(425,54011,'failed','Command: named-checkzone -q \'test.com\' \'/tmp/dns3_validate_6932ee4a1dc5b/zone_54011_flat.db\' 2>&1\nExit Code: 1\n\n','2025-12-05 14:38:02',2),
(426,54011,'failed','Command: named-checkzone -q \'test.com\' \'/tmp/dns3_validate_6932ee4a21656/zone_54011_flat.db\' 2>&1\nExit Code: 1\n\n','2025-12-05 14:38:02',2),
(427,54011,'pending','Validation queued for background processing','2025-12-05 14:41:11',2),
(428,54011,'pending','Validation queued for background processing','2025-12-05 16:11:22',2),
(429,54011,'failed','Command: named-checkzone -q \'test.com\' \'/tmp/dns3_validate_693304362c9dc/zone_54011_flat.db\' 2>&1\nExit Code: 1\n\n','2025-12-05 16:11:34',2),
(430,54011,'failed','Command: named-checkzone -q \'test.com\' \'/tmp/dns3_validate_6933043632637/zone_54011_flat.db\' 2>&1\nExit Code: 1\n\n','2025-12-05 16:11:34',2),
(431,54011,'pending','Validation queued for background processing','2025-12-05 16:12:02',2),
(432,54011,'failed','Command: named-checkzone -q \'test.com\' \'/tmp/dns3_validate_6933045774014/zone_54011_flat.db\' 2>&1\nExit Code: 1\n\n','2025-12-05 16:12:07',2),
(433,54011,'pending','Validation queued for background processing','2025-12-07 20:41:09',2),
(434,54011,'failed','Command: named-checkzone -q \'test.com\' \'/tmp/dns3_validate_6935e66c2cc51/zone_54011_flat.db\' 2>&1\nExit Code: 1\n\n','2025-12-07 20:41:16',2),
(435,54011,'pending','Validation queued for background processing','2025-12-07 21:08:39',2),
(436,54011,'failed','Command: named-checkzone \'test.com\' \'/tmp/dns3_validate_6935ecdb87982/zone_54011_flat.db\' 2>&1\nExit Code: 1\n\nValidation log file: /tmp/dns3_validate_6935ecdb87982/zone_54011_validation_output.txt\n\nzone test.com/IN: has 0 SOA records\nzone test.com/IN: has no NS records\nzone test.com/IN: not loaded due to errors.','2025-12-07 21:08:43',2),
(437,54005,'pending','Validation queued for background processing','2025-12-07 21:13:46',2),
(438,54005,'failed','Command: named-checkzone \'test_fr\' \'/tmp/dns3_validate_6935ee0fac7a4/zone_54005_flat.db\' 2>&1\nExit Code: 1\n\nValidation log file: /tmp/dns3_validate_6935ee0fac7a4/zone_54005_validation_output.txt\n\n/tmp/dns3_validate_6935ee0fac7a4/zone_54005_flat.db:6: same.test_fr: bad owner name (check-names)\n/tmp/dns3_validate_6935ee0fac7a4/zone_54005_flat.db:6: no TTL specified; zone rejected\nzone test_fr/IN: loading from master file /tmp/dns3_validate_6935ee0fac7a4/zone_54005_flat.db failed: no ttl\nzone test_fr/IN: not loaded due to errors.','2025-12-07 21:13:51',2),
(439,54006,'failed','Command: named-checkzone \'test_fr\' \'/tmp/dns3_validate_6935ee0fac7a4/zone_54005_flat.db\' 2>&1\nExit Code: 1\n\nValidation performed on parent zone \'test_fr\' (ID: 54005):\n\n/tmp/dns3_validate_6935ee0fac7a4/zone_54005_flat.db:6: same.test_fr: bad owner name (check-names)\n/tmp/dns3_validate_6935ee0fac7a4/zone_54005_flat.db:6: no TTL specified; zone rejected\nzone test_fr/IN: loading from master file /tmp/dns3_validate_6935ee0fac7a4/zone_54005_flat.db failed: no ttl\nzone test_fr/IN: not loaded due to errors.','2025-12-07 21:13:51',2),
(440,54007,'failed','Command: named-checkzone \'test_fr\' \'/tmp/dns3_validate_6935ee0fac7a4/zone_54005_flat.db\' 2>&1\nExit Code: 1\n\nValidation performed on parent zone \'test_fr\' (ID: 54005):\n\n/tmp/dns3_validate_6935ee0fac7a4/zone_54005_flat.db:6: same.test_fr: bad owner name (check-names)\n/tmp/dns3_validate_6935ee0fac7a4/zone_54005_flat.db:6: no TTL specified; zone rejected\nzone test_fr/IN: loading from master file /tmp/dns3_validate_6935ee0fac7a4/zone_54005_flat.db failed: no ttl\nzone test_fr/IN: not loaded due to errors.','2025-12-07 21:13:51',2),
(441,54008,'failed','Command: named-checkzone \'test_fr\' \'/tmp/dns3_validate_6935ee0fac7a4/zone_54005_flat.db\' 2>&1\nExit Code: 1\n\nValidation performed on parent zone \'test_fr\' (ID: 54005):\n\n/tmp/dns3_validate_6935ee0fac7a4/zone_54005_flat.db:6: same.test_fr: bad owner name (check-names)\n/tmp/dns3_validate_6935ee0fac7a4/zone_54005_flat.db:6: no TTL specified; zone rejected\nzone test_fr/IN: loading from master file /tmp/dns3_validate_6935ee0fac7a4/zone_54005_flat.db failed: no ttl\nzone test_fr/IN: not loaded due to errors.','2025-12-07 21:13:51',2),
(442,54009,'failed','Command: named-checkzone \'test_fr\' \'/tmp/dns3_validate_6935ee0fac7a4/zone_54005_flat.db\' 2>&1\nExit Code: 1\n\nValidation performed on parent zone \'test_fr\' (ID: 54005):\n\n/tmp/dns3_validate_6935ee0fac7a4/zone_54005_flat.db:6: same.test_fr: bad owner name (check-names)\n/tmp/dns3_validate_6935ee0fac7a4/zone_54005_flat.db:6: no TTL specified; zone rejected\nzone test_fr/IN: loading from master file /tmp/dns3_validate_6935ee0fac7a4/zone_54005_flat.db failed: no ttl\nzone test_fr/IN: not loaded due to errors.','2025-12-07 21:13:51',2),
(443,53988,'pending','Validation queued for background processing','2025-12-07 21:16:21',2),
(444,53988,'passed','Command: named-checkzone \'root1.example.test\' \'/tmp/dns3_validate_6935eea9d0218/zone_53988_flat.db\' 2>&1\nExit Code: 0\n\nValidation log file: /tmp/dns3_validate_6935eea9d0218/zone_53988_validation_output.txt\n\nzone root1.example.test/IN: retert.root1.example.test/MX \'reter.root1.example.test\' has no address records (A or AAAA)\nzone root1.example.test/IN: sfdfs.root1.example.test/NS \'sdfsdf.root1.example.test\' has no address records (A or AAAA)\nzone root1.example.test/IN: loaded serial 2025111101\nOK','2025-12-07 21:16:25',2),
(445,53989,'passed','Command: named-checkzone \'root1.example.test\' \'/tmp/dns3_validate_6935eea9d0218/zone_53988_flat.db\' 2>&1\nExit Code: 0\n\nValidation performed on parent zone \'root1.example.test\' (ID: 53988):\n\nzone root1.example.test/IN: retert.root1.example.test/MX \'reter.root1.example.test\' has no address records (A or AAAA)\nzone root1.example.test/IN: sfdfs.root1.example.test/NS \'sdfsdf.root1.example.test\' has no address records (A or AAAA)\nzone root1.example.test/IN: loaded serial 2025111101\nOK','2025-12-07 21:16:25',2),
(446,53990,'passed','Command: named-checkzone \'root1.example.test\' \'/tmp/dns3_validate_6935eea9d0218/zone_53988_flat.db\' 2>&1\nExit Code: 0\n\nValidation performed on parent zone \'root1.example.test\' (ID: 53988):\n\nzone root1.example.test/IN: retert.root1.example.test/MX \'reter.root1.example.test\' has no address records (A or AAAA)\nzone root1.example.test/IN: sfdfs.root1.example.test/NS \'sdfsdf.root1.example.test\' has no address records (A or AAAA)\nzone root1.example.test/IN: loaded serial 2025111101\nOK','2025-12-07 21:16:25',2),
(447,53993,'passed','Command: named-checkzone \'root1.example.test\' \'/tmp/dns3_validate_6935eea9d0218/zone_53988_flat.db\' 2>&1\nExit Code: 0\n\nValidation performed on parent zone \'root1.example.test\' (ID: 53988):\n\nzone root1.example.test/IN: retert.root1.example.test/MX \'reter.root1.example.test\' has no address records (A or AAAA)\nzone root1.example.test/IN: sfdfs.root1.example.test/NS \'sdfsdf.root1.example.test\' has no address records (A or AAAA)\nzone root1.example.test/IN: loaded serial 2025111101\nOK','2025-12-07 21:16:25',2),
(448,53996,'passed','Command: named-checkzone \'root1.example.test\' \'/tmp/dns3_validate_6935eea9d0218/zone_53988_flat.db\' 2>&1\nExit Code: 0\n\nValidation performed on parent zone \'root1.example.test\' (ID: 53988):\n\nzone root1.example.test/IN: retert.root1.example.test/MX \'reter.root1.example.test\' has no address records (A or AAAA)\nzone root1.example.test/IN: sfdfs.root1.example.test/NS \'sdfsdf.root1.example.test\' has no address records (A or AAAA)\nzone root1.example.test/IN: loaded serial 2025111101\nOK','2025-12-07 21:16:25',2),
(449,53999,'passed','Command: named-checkzone \'root1.example.test\' \'/tmp/dns3_validate_6935eea9d0218/zone_53988_flat.db\' 2>&1\nExit Code: 0\n\nValidation performed on parent zone \'root1.example.test\' (ID: 53988):\n\nzone root1.example.test/IN: retert.root1.example.test/MX \'reter.root1.example.test\' has no address records (A or AAAA)\nzone root1.example.test/IN: sfdfs.root1.example.test/NS \'sdfsdf.root1.example.test\' has no address records (A or AAAA)\nzone root1.example.test/IN: loaded serial 2025111101\nOK','2025-12-07 21:16:25',2),
(450,54002,'passed','Command: named-checkzone \'root1.example.test\' \'/tmp/dns3_validate_6935eea9d0218/zone_53988_flat.db\' 2>&1\nExit Code: 0\n\nValidation performed on parent zone \'root1.example.test\' (ID: 53988):\n\nzone root1.example.test/IN: retert.root1.example.test/MX \'reter.root1.example.test\' has no address records (A or AAAA)\nzone root1.example.test/IN: sfdfs.root1.example.test/NS \'sdfsdf.root1.example.test\' has no address records (A or AAAA)\nzone root1.example.test/IN: loaded serial 2025111101\nOK','2025-12-07 21:16:25',2),
(451,53991,'passed','Command: named-checkzone \'root1.example.test\' \'/tmp/dns3_validate_6935eea9d0218/zone_53988_flat.db\' 2>&1\nExit Code: 0\n\nValidation performed on parent zone \'root1.example.test\' (ID: 53988):\n\nzone root1.example.test/IN: retert.root1.example.test/MX \'reter.root1.example.test\' has no address records (A or AAAA)\nzone root1.example.test/IN: sfdfs.root1.example.test/NS \'sdfsdf.root1.example.test\' has no address records (A or AAAA)\nzone root1.example.test/IN: loaded serial 2025111101\nOK','2025-12-07 21:16:25',2),
(452,53992,'passed','Command: named-checkzone \'root1.example.test\' \'/tmp/dns3_validate_6935eea9d0218/zone_53988_flat.db\' 2>&1\nExit Code: 0\n\nValidation performed on parent zone \'root1.example.test\' (ID: 53988):\n\nzone root1.example.test/IN: retert.root1.example.test/MX \'reter.root1.example.test\' has no address records (A or AAAA)\nzone root1.example.test/IN: sfdfs.root1.example.test/NS \'sdfsdf.root1.example.test\' has no address records (A or AAAA)\nzone root1.example.test/IN: loaded serial 2025111101\nOK','2025-12-07 21:16:25',2),
(453,54010,'passed','Command: named-checkzone \'root1.example.test\' \'/tmp/dns3_validate_6935eea9d0218/zone_53988_flat.db\' 2>&1\nExit Code: 0\n\nValidation performed on parent zone \'root1.example.test\' (ID: 53988):\n\nzone root1.example.test/IN: retert.root1.example.test/MX \'reter.root1.example.test\' has no address records (A or AAAA)\nzone root1.example.test/IN: sfdfs.root1.example.test/NS \'sdfsdf.root1.example.test\' has no address records (A or AAAA)\nzone root1.example.test/IN: loaded serial 2025111101\nOK','2025-12-07 21:16:25',2),
(454,53994,'passed','Command: named-checkzone \'root1.example.test\' \'/tmp/dns3_validate_6935eea9d0218/zone_53988_flat.db\' 2>&1\nExit Code: 0\n\nValidation performed on parent zone \'root1.example.test\' (ID: 53988):\n\nzone root1.example.test/IN: retert.root1.example.test/MX \'reter.root1.example.test\' has no address records (A or AAAA)\nzone root1.example.test/IN: sfdfs.root1.example.test/NS \'sdfsdf.root1.example.test\' has no address records (A or AAAA)\nzone root1.example.test/IN: loaded serial 2025111101\nOK','2025-12-07 21:16:25',2),
(455,53995,'passed','Command: named-checkzone \'root1.example.test\' \'/tmp/dns3_validate_6935eea9d0218/zone_53988_flat.db\' 2>&1\nExit Code: 0\n\nValidation performed on parent zone \'root1.example.test\' (ID: 53988):\n\nzone root1.example.test/IN: retert.root1.example.test/MX \'reter.root1.example.test\' has no address records (A or AAAA)\nzone root1.example.test/IN: sfdfs.root1.example.test/NS \'sdfsdf.root1.example.test\' has no address records (A or AAAA)\nzone root1.example.test/IN: loaded serial 2025111101\nOK','2025-12-07 21:16:25',2),
(456,53997,'passed','Command: named-checkzone \'root1.example.test\' \'/tmp/dns3_validate_6935eea9d0218/zone_53988_flat.db\' 2>&1\nExit Code: 0\n\nValidation performed on parent zone \'root1.example.test\' (ID: 53988):\n\nzone root1.example.test/IN: retert.root1.example.test/MX \'reter.root1.example.test\' has no address records (A or AAAA)\nzone root1.example.test/IN: sfdfs.root1.example.test/NS \'sdfsdf.root1.example.test\' has no address records (A or AAAA)\nzone root1.example.test/IN: loaded serial 2025111101\nOK','2025-12-07 21:16:25',2),
(457,53998,'passed','Command: named-checkzone \'root1.example.test\' \'/tmp/dns3_validate_6935eea9d0218/zone_53988_flat.db\' 2>&1\nExit Code: 0\n\nValidation performed on parent zone \'root1.example.test\' (ID: 53988):\n\nzone root1.example.test/IN: retert.root1.example.test/MX \'reter.root1.example.test\' has no address records (A or AAAA)\nzone root1.example.test/IN: sfdfs.root1.example.test/NS \'sdfsdf.root1.example.test\' has no address records (A or AAAA)\nzone root1.example.test/IN: loaded serial 2025111101\nOK','2025-12-07 21:16:25',2),
(458,54000,'passed','Command: named-checkzone \'root1.example.test\' \'/tmp/dns3_validate_6935eea9d0218/zone_53988_flat.db\' 2>&1\nExit Code: 0\n\nValidation performed on parent zone \'root1.example.test\' (ID: 53988):\n\nzone root1.example.test/IN: retert.root1.example.test/MX \'reter.root1.example.test\' has no address records (A or AAAA)\nzone root1.example.test/IN: sfdfs.root1.example.test/NS \'sdfsdf.root1.example.test\' has no address records (A or AAAA)\nzone root1.example.test/IN: loaded serial 2025111101\nOK','2025-12-07 21:16:25',2),
(459,54001,'passed','Command: named-checkzone \'root1.example.test\' \'/tmp/dns3_validate_6935eea9d0218/zone_53988_flat.db\' 2>&1\nExit Code: 0\n\nValidation performed on parent zone \'root1.example.test\' (ID: 53988):\n\nzone root1.example.test/IN: retert.root1.example.test/MX \'reter.root1.example.test\' has no address records (A or AAAA)\nzone root1.example.test/IN: sfdfs.root1.example.test/NS \'sdfsdf.root1.example.test\' has no address records (A or AAAA)\nzone root1.example.test/IN: loaded serial 2025111101\nOK','2025-12-07 21:16:25',2),
(460,54003,'passed','Command: named-checkzone \'root1.example.test\' \'/tmp/dns3_validate_6935eea9d0218/zone_53988_flat.db\' 2>&1\nExit Code: 0\n\nValidation performed on parent zone \'root1.example.test\' (ID: 53988):\n\nzone root1.example.test/IN: retert.root1.example.test/MX \'reter.root1.example.test\' has no address records (A or AAAA)\nzone root1.example.test/IN: sfdfs.root1.example.test/NS \'sdfsdf.root1.example.test\' has no address records (A or AAAA)\nzone root1.example.test/IN: loaded serial 2025111101\nOK','2025-12-07 21:16:25',2),
(461,54004,'passed','Command: named-checkzone \'root1.example.test\' \'/tmp/dns3_validate_6935eea9d0218/zone_53988_flat.db\' 2>&1\nExit Code: 0\n\nValidation performed on parent zone \'root1.example.test\' (ID: 53988):\n\nzone root1.example.test/IN: retert.root1.example.test/MX \'reter.root1.example.test\' has no address records (A or AAAA)\nzone root1.example.test/IN: sfdfs.root1.example.test/NS \'sdfsdf.root1.example.test\' has no address records (A or AAAA)\nzone root1.example.test/IN: loaded serial 2025111101\nOK','2025-12-07 21:16:25',2),
(462,54011,'pending','Validation queued for background processing','2025-12-07 21:18:01',2),
(463,54011,'failed','Command: named-checkzone \'test.com\' \'/tmp/dns3_validate_6935ef2d480b3/zone_54011_flat.db\' 2>&1\nExit Code: 1\n\nValidation log file: /tmp/dns3_validate_6935ef2d480b3/zone_54011_validation_output.txt\n\nzone test.com/IN: has 0 SOA records\nzone test.com/IN: has no NS records\nzone test.com/IN: not loaded due to errors.','2025-12-07 21:18:37',2),
(464,54011,'pending','Validation queued for background processing','2025-12-07 21:19:32',2),
(465,54011,'pending','Validation queued for background processing','2025-12-07 21:38:23',2),
(466,54011,'failed','Command: named-checkzone \'test.com\' \'/tmp/dns3_validate_6935f3d40e308/zone_54011_flat.db\' 2>&1\nExit Code: 1\n\nValidation log file: /tmp/dns3_validate_6935f3d40e308/zone_54011_validation_output.txt\n\nzone test.com/IN: has 0 SOA records\nzone test.com/IN: has no NS records\nzone test.com/IN: not loaded due to errors.','2025-12-07 21:38:28',2),
(467,54011,'failed','Command: named-checkzone \'test.com\' \'/tmp/dns3_validate_6935f3d411988/zone_54011_flat.db\' 2>&1\nExit Code: 1\n\nValidation log file: /tmp/dns3_validate_6935f3d411988/zone_54011_validation_output.txt\n\nzone test.com/IN: has 0 SOA records\nzone test.com/IN: has no NS records\nzone test.com/IN: not loaded due to errors.','2025-12-07 21:38:28',2),
(468,54011,'pending','Validation queued for background processing','2025-12-07 22:04:07',2),
(469,54011,'failed','Command: named-checkzone \'test.com\' \'/tmp/dns3_validate_6935f9dfed600/zone_54011_flat.db\' 2>&1\nExit Code: 1\n\nValidation log file: /tmp/dns3_validate_6935f9dfed600/zone_54011_validation_output.txt\n\nzone test.com/IN: has no NS records\nzone test.com/IN: not loaded due to errors.','2025-12-07 22:04:15',2),
(470,54011,'pending','Validation queued for background processing','2025-12-08 06:38:54',2),
(471,54011,'failed','Command: named-checkzone \'test.com\' \'/tmp/dns3_validate_693672835649c/zone_54011_flat.db\' 2>&1\nExit Code: 1\n\nValidation log file: /tmp/dns3_validate_693672835649c/zone_54011_validation_output.txt\n\n/tmp/dns3_validate_693672835649c/zone_54011_flat.db:2: no TTL specified; zone rejected\nzone test.com/IN: loading from master file /tmp/dns3_validate_693672835649c/zone_54011_flat.db failed: no ttl\nzone test.com/IN: not loaded due to errors.','2025-12-08 06:38:59',2),
(472,54011,'pending','Validation queued for background processing','2025-12-08 06:40:45',2),
(473,54011,'failed','Command: named-checkzone \'test.com\' \'/tmp/dns3_validate_693672f2998c6/zone_54011_flat.db\' 2>&1\nExit Code: 1\n\nValidation log file: /tmp/dns3_validate_693672f2998c6/zone_54011_validation_output.txt\n\n/tmp/dns3_validate_693672f2998c6/zone_54011_flat.db:2: no TTL specified; zone rejected\nzone test.com/IN: loading from master file /tmp/dns3_validate_693672f2998c6/zone_54011_flat.db failed: no ttl\nzone test.com/IN: not loaded due to errors.','2025-12-08 06:40:50',2),
(474,54011,'pending','Validation queued for background processing','2025-12-08 08:41:14',2),
(475,54011,'failed','Command: named-checkzone \'test.com\' \'/tmp/dns3_validate_69368f31a571d/zone_54011_flat.db\' 2>&1\nExit Code: 1\n\nValidation log file: /tmp/dns3_validate_69368f31a571d/zone_54011_validation_output.txt\n\n/tmp/dns3_validate_69368f31a571d/zone_54011_flat.db:2: no TTL specified; zone rejected\nzone test.com/IN: loading from master file /tmp/dns3_validate_69368f31a571d/zone_54011_flat.db failed: no ttl\nzone test.com/IN: not loaded due to errors.','2025-12-08 08:41:21',2),
(476,54011,'pending','Validation queued for background processing','2025-12-08 09:28:10',2),
(477,54011,'failed','Command: named-checkzone \'test.com\' \'/tmp/dns3_validate_69369a2ec3cd4/zone_54011_flat.db\' 2>&1\nExit Code: 1\n\nValidation log file: /tmp/dns3_validate_69369a2ec3cd4/zone_54011_validation_output.txt\n\nzone test.com/IN: has no NS records\nzone test.com/IN: not loaded due to errors.','2025-12-08 09:28:14',2),
(478,54011,'pending','Validation queued for background processing','2025-12-08 09:28:37',2),
(479,54011,'failed','Command: named-checkzone \'test.com\' \'/tmp/dns3_validate_69369a4d2315d/zone_54011_flat.db\' 2>&1\nExit Code: 1\n\nValidation log file: /tmp/dns3_validate_69369a4d2315d/zone_54011_validation_output.txt\n\nzone test.com/IN: has no NS records\nzone test.com/IN: not loaded due to errors.','2025-12-08 09:28:45',2),
(480,54011,'pending','Validation queued for background processing','2025-12-08 09:30:08',2),
(481,54011,'failed','Command: named-checkzone \'test.com\' \'/tmp/dns3_validate_69369aa70c934/zone_54011_flat.db\' 2>&1\nExit Code: 1\n\nValidation log file: /tmp/dns3_validate_69369aa70c934/zone_54011_validation_output.txt\n\nzone test.com/IN: NS \'ns1.test.com\' has no address records (A or AAAA)\nzone test.com/IN: not loaded due to errors.','2025-12-08 09:30:15',2),
(482,54011,'pending','Validation queued for background processing','2025-12-08 10:12:44',2),
(483,54011,'passed','Command: named-checkzone \'test.com\' \'/tmp/dns3_validate_6936a4a0f29d5/zone_54011_flat.db\' 2>&1\nExit Code: 0\n\nValidation log file: /tmp/dns3_validate_6936a4a0f29d5/zone_54011_validation_output.txt\n\nzone test.com/IN: loaded serial 2025120801\nOK','2025-12-08 10:12:49',2),
(484,54011,'pending','Validation queued for background processing','2025-12-08 10:54:37',2),
(485,54011,'passed','Command: named-checkzone \'test.com\' \'/tmp/dns3_validate_6936ae87d4208/zone_54011_flat.db\' 2>&1\nExit Code: 0\n\nValidation log file: /tmp/dns3_validate_6936ae87d4208/zone_54011_validation_output.txt\n\nzone test.com/IN: loaded serial 2025120801\nOK','2025-12-08 10:55:03',2),
(486,54011,'pending','Validation queued for background processing','2025-12-08 10:55:51',2),
(487,53990,'pending','Validation queued for top master zone (ID: 53988)','2025-12-08 11:00:01',2),
(488,53988,'pending','Validation queued for background processing','2025-12-08 11:00:01',2),
(489,53988,'pending','Validation queued for background processing','2025-12-08 11:16:39',2),
(490,54011,'pending','Validation queued for background processing','2025-12-08 11:23:27',2);
/*!40000 ALTER TABLE `zone_file_validation` ENABLE KEYS */;
UNLOCK TABLES;

--
-- Table structure for table `zone_files`
--

DROP TABLE IF EXISTS `zone_files`;
/*!40101 SET @saved_cs_client     = @@character_set_client */;
/*!40101 SET character_set_client = utf8mb4 */;
CREATE TABLE `zone_files` (
  `id` int(11) NOT NULL AUTO_INCREMENT,
  `name` varchar(255) NOT NULL COMMENT 'Zone name (e.g., example.com)',
  `filename` varchar(255) NOT NULL COMMENT 'Zone file name',
  `directory` varchar(255) DEFAULT NULL COMMENT 'Directory path for zone file',
  `content` text DEFAULT NULL COMMENT 'Zone file content',
  `file_type` enum('master','include') NOT NULL DEFAULT 'master' COMMENT 'Type of zone file',
  `status` enum('active','inactive','deleted') DEFAULT 'active' COMMENT 'Zone status',
  `created_by` int(11) DEFAULT NULL,
  `updated_by` int(11) DEFAULT NULL,
  `created_at` timestamp NULL DEFAULT current_timestamp(),
  `updated_at` timestamp NULL DEFAULT NULL ON UPDATE current_timestamp(),
  `domain` varchar(255) DEFAULT NULL COMMENT 'Domain name for master zones (migrated from domaine_list)',
  `default_ttl` int(11) DEFAULT 86400 COMMENT 'Default TTL for zone records (seconds)',
  `soa_refresh` int(11) DEFAULT 10800 COMMENT 'SOA refresh timer (seconds)',
  `soa_retry` int(11) DEFAULT 900 COMMENT 'SOA retry timer (seconds)',
  `soa_expire` int(11) DEFAULT 604800 COMMENT 'SOA expire timer (seconds)',
  `soa_minimum` int(11) DEFAULT 3600 COMMENT 'SOA minimum/negative caching TTL (seconds)',
  `soa_rname` varchar(255) DEFAULT NULL COMMENT 'SOA RNAME - contact email for zone (e.g., admin.example.com or admin@example.com)',
  `mname` varchar(255) DEFAULT NULL COMMENT 'SOA MNAME - primary master nameserver for zone (e.g., ns1.example.com.)',
  PRIMARY KEY (`id`),
  UNIQUE KEY `name` (`name`),
  KEY `updated_by` (`updated_by`),
  KEY `idx_name` (`name`),
  KEY `idx_file_type` (`file_type`),
  KEY `idx_status` (`status`),
  KEY `idx_created_by` (`created_by`),
  KEY `idx_zone_type_status_name` (`file_type`,`status`,`name`(100)),
  KEY `idx_directory` (`directory`),
  KEY `idx_domain` (`domain`),
  CONSTRAINT `zone_files_ibfk_1` FOREIGN KEY (`created_by`) REFERENCES `users` (`id`) ON DELETE SET NULL,
  CONSTRAINT `zone_files_ibfk_2` FOREIGN KEY (`updated_by`) REFERENCES `users` (`id`) ON DELETE SET NULL
) ENGINE=InnoDB AUTO_INCREMENT=54012 DEFAULT CHARSET=utf8mb4 COLLATE=utf8mb4_unicode_ci;
/*!40101 SET character_set_client = @saved_cs_client */;

--
-- Dumping data for table `zone_files`
--

LOCK TABLES `zone_files` WRITE;
/*!40000 ALTER TABLE `zone_files` DISABLE KEYS */;
INSERT INTO `zone_files` VALUES
(53988,'root1.example.test','db.root1_example_test.db',NULL,'$ORIGIN root1.example.test.\n$TTL 3600\n@ IN SOA ns1.root1.example.test. admin.root1.example.test. ( 2025111101 3600 1800 604800 86400 )\n    IN NS ns1.root1.example.test.\nns1 IN A 192.0.2.2\n\n$INCLUDE includes/root1_example_test/inc_m1_l1_1.inc\n','master','active',1,2,'2025-11-11 10:14:00','2025-12-05 13:51:39','root1.example.test',86400,10800,900,604800,3600,NULL,NULL),
(53989,'inc_m1_l1_1','includes/root1_example_test/inc_m1_l1_1.inc',NULL,'; L1 include inc_m1_l1_1 for root1.example.test\nl1host IN A 198.51.1.2\n\n$INCLUDE includes/root1_example_test/inc_m1_l1_1_l2_1.inc\n\n$INCLUDE includes/root1_example_test/inc_m1_l1_1_l2_2.inc\n\n$INCLUDE includes/root1_example_test/inc_m1_l1_1_l2_3.inc\n\n$INCLUDE includes/root1_example_test/inc_m1_l1_1_l2_4.inc\n\n$INCLUDE includes/root1_example_test/inc_m1_l1_1_l2_5.inc\n','include','active',1,NULL,'2025-11-11 10:14:00','2025-11-11 11:14:00',NULL,86400,10800,900,604800,3600,NULL,NULL),
(53990,'inc_m1_l1_1_l2_1','includes/root1_example_test/inc_m1_l1_1_l2_1.inc',NULL,'; L2 inc_m1_l1_1_l2_1\nl2host IN A 203.0.113.1\n\n$INCLUDE includes/root1_example_test/inc_m1_l1_1_l2_1_l3_1.inc\n\n$INCLUDE includes/root1_example_test/inc_m1_l1_1_l2_1_l3_2.inc\n','include','active',1,NULL,'2025-11-11 10:14:00','2025-11-11 11:14:00',NULL,86400,10800,900,604800,3600,NULL,NULL),
(53991,'inc_m1_l1_1_l2_1_l3_1','includes/root1_example_test/inc_m1_l1_1_l2_1_l3_1.inc',NULL,'; L3 inc_m1_l1_1_l2_1_l3_1\nl3host IN A 198.51.2.2\n','include','active',1,NULL,'2025-11-11 10:14:00','2025-11-11 10:14:00',NULL,86400,10800,900,604800,3600,NULL,NULL),
(53992,'inc_m1_l1_1_l2_1_l3_2','includes/root1_example_test/inc_m1_l1_1_l2_1_l3_2.inc',NULL,'; L3 inc_m1_l1_1_l2_1_l3_2\nl3host IN A 198.51.3.3\n','include','active',1,NULL,'2025-11-11 10:14:00','2025-11-11 10:14:00',NULL,86400,10800,900,604800,3600,NULL,NULL),
(53993,'inc_m1_l1_1_l2_2','includes/root1_example_test/inc_m1_l1_1_l2_2.inc',NULL,'; L2 inc_m1_l1_1_l2_2\nl2host IN A 203.0.113.2\n\n$INCLUDE includes/root1_example_test/inc_m1_l1_1_l2_2_l3_1.inc\n\n$INCLUDE includes/root1_example_test/inc_m1_l1_1_l2_2_l3_2.inc\n','include','active',1,NULL,'2025-11-11 10:14:00','2025-11-11 11:14:00',NULL,86400,10800,900,604800,3600,NULL,NULL),
(53994,'inc_m1_l1_1_l2_2_l3_1','includes/root1_example_test/inc_m1_l1_1_l2_2_l3_1.inc',NULL,'; L3 inc_m1_l1_1_l2_2_l3_1\nl3host IN A 198.51.3.2\n','include','active',1,NULL,'2025-11-11 10:14:00','2025-11-11 10:14:00',NULL,86400,10800,900,604800,3600,NULL,NULL),
(53995,'inc_m1_l1_1_l2_2_l3_2','includes/root1_example_test/inc_m1_l1_1_l2_2_l3_2.inc',NULL,'; L3 inc_m1_l1_1_l2_2_l3_2\nl3host IN A 198.51.4.3\n','include','active',1,NULL,'2025-11-11 10:14:00','2025-11-11 10:14:00',NULL,86400,10800,900,604800,3600,NULL,NULL),
(53996,'inc_m1_l1_1_l2_3','includes/root1_example_test/inc_m1_l1_1_l2_3.inc',NULL,'; L2 inc_m1_l1_1_l2_3\nl2host IN A 203.0.113.3\n\n$INCLUDE includes/root1_example_test/inc_m1_l1_1_l2_3_l3_1.inc\n\n$INCLUDE includes/root1_example_test/inc_m1_l1_1_l2_3_l3_2.inc\n','include','active',1,NULL,'2025-11-11 10:14:00','2025-11-11 11:14:00',NULL,86400,10800,900,604800,3600,NULL,NULL),
(53997,'inc_m1_l1_1_l2_3_l3_1','includes/root1_example_test/inc_m1_l1_1_l2_3_l3_1.inc',NULL,'; L3 inc_m1_l1_1_l2_3_l3_1\nl3host IN A 198.51.4.2\n','include','active',1,NULL,'2025-11-11 10:14:00','2025-11-11 10:14:00',NULL,86400,10800,900,604800,3600,NULL,NULL),
(53998,'inc_m1_l1_1_l2_3_l3_2','includes/root1_example_test/inc_m1_l1_1_l2_3_l3_2.inc',NULL,'; L3 inc_m1_l1_1_l2_3_l3_2\nl3host IN A 198.51.5.3\n','include','active',1,NULL,'2025-11-11 10:14:00','2025-11-11 10:14:00',NULL,86400,10800,900,604800,3600,NULL,NULL),
(53999,'inc_m1_l1_1_l2_4','includes/root1_example_test/inc_m1_l1_1_l2_4.inc',NULL,'; L2 inc_m1_l1_1_l2_4\nl2host IN A 203.0.113.4\n\n$INCLUDE includes/root1_example_test/inc_m1_l1_1_l2_4_l3_1.inc\n\n$INCLUDE includes/root1_example_test/inc_m1_l1_1_l2_4_l3_2.inc\n','include','active',1,NULL,'2025-11-11 10:14:00','2025-11-11 11:14:00',NULL,86400,10800,900,604800,3600,NULL,NULL),
(54000,'inc_m1_l1_1_l2_4_l3_1','includes/root1_example_test/inc_m1_l1_1_l2_4_l3_1.inc',NULL,'; L3 inc_m1_l1_1_l2_4_l3_1\nl3host IN A 198.51.5.2\n','include','active',1,NULL,'2025-11-11 10:14:00','2025-11-11 10:14:00',NULL,86400,10800,900,604800,3600,NULL,NULL),
(54001,'inc_m1_l1_1_l2_4_l3_2','includes/root1_example_test/inc_m1_l1_1_l2_4_l3_2.inc',NULL,'; L3 inc_m1_l1_1_l2_4_l3_2\nl3host IN A 198.51.6.3\n','include','active',1,NULL,'2025-11-11 10:14:00','2025-11-11 10:14:00',NULL,86400,10800,900,604800,3600,NULL,NULL),
(54002,'inc_m1_l1_1_l2_5','includes/root1_example_test/inc_m1_l1_1_l2_5.inc',NULL,'; L2 inc_m1_l1_1_l2_5\nl2host IN A 203.0.113.5\n\n$INCLUDE includes/root1_example_test/inc_m1_l1_1_l2_5_l3_1.inc\n\n$INCLUDE includes/root1_example_test/inc_m1_l1_1_l2_5_l3_2.inc\n','include','active',1,NULL,'2025-11-11 10:14:00','2025-11-11 11:14:00',NULL,86400,10800,900,604800,3600,NULL,NULL),
(54003,'inc_m1_l1_1_l2_5_l3_1','includes/root1_example_test/inc_m1_l1_1_l2_5_l3_1.inc',NULL,'; L3 inc_m1_l1_1_l2_5_l3_1\nl3host IN A 198.51.6.2\n','include','active',1,NULL,'2025-11-11 10:14:00','2025-11-11 10:14:00',NULL,86400,10800,900,604800,3600,NULL,NULL),
(54004,'inc_m1_l1_1_l2_5_l3_2','includes/root1_example_test/inc_m1_l1_1_l2_5_l3_2.inc',NULL,'; L3 inc_m1_l1_1_l2_5_l3_2\nl3host IN A 198.51.7.3\n','include','active',1,NULL,'2025-11-11 10:14:00','2025-11-11 10:14:00',NULL,86400,10800,900,604800,3600,NULL,NULL),
(54005,'test_fr','test_fr.db',NULL,'','master','active',2,NULL,'2025-11-11 11:26:55',NULL,'test.fr',86400,10800,900,604800,3600,NULL,NULL),
(54006,'test_l1','test_l1.db',NULL,'','include','active',2,NULL,'2025-11-11 18:36:48',NULL,NULL,86400,10800,900,604800,3600,NULL,NULL),
(54007,'test_l2','test_l2.db',NULL,'','include','active',2,NULL,'2025-11-11 18:37:17',NULL,NULL,86400,10800,900,604800,3600,NULL,NULL),
(54008,'test_l1_1','test_l1_1.db',NULL,'','include','active',2,NULL,'2025-11-11 18:37:42',NULL,NULL,86400,10800,900,604800,3600,NULL,NULL),
(54009,'test_l2_1','test_l2_1.db',NULL,'','include','active',2,NULL,'2025-11-11 18:38:18',NULL,NULL,86400,10800,900,604800,3600,NULL,NULL),
(54010,'dgfdgg','dgfdgg.db',NULL,'','include','active',2,2,'2025-11-13 18:54:14','2025-11-29 17:53:06',NULL,86400,10800,900,604800,3600,NULL,NULL),
(54011,'test.com','test.com.db',NULL,'','master','active',2,NULL,'2025-12-05 14:37:38',NULL,'test.com',86400,10800,900,604800,3600,NULL,NULL);
/*!40000 ALTER TABLE `zone_files` ENABLE KEYS */;
UNLOCK TABLES;

--
-- Dumping routines for database 'dns3_db'
--

--
-- Final view structure for view `zone_acl_entries`
--

/*!50001 DROP VIEW IF EXISTS `zone_acl_entries`*/;
/*!50001 SET @saved_cs_client          = @@character_set_client */;
/*!50001 SET @saved_cs_results         = @@character_set_results */;
/*!50001 SET @saved_col_connection     = @@collation_connection */;
/*!50001 SET character_set_client      = utf8mb3 */;
/*!50001 SET character_set_results     = utf8mb3 */;
/*!50001 SET collation_connection      = utf8mb3_general_ci */;
/*!50001 CREATE ALGORITHM=UNDEFINED */
/*!50013 DEFINER=`root`@`localhost` SQL SECURITY DEFINER */
/*!50001 VIEW `zone_acl_entries` AS select `acl_entries`.`id` AS `id`,`acl_entries`.`zone_file_id` AS `zone_file_id`,`acl_entries`.`subject_type` AS `subject_type`,`acl_entries`.`subject_identifier` AS `subject_identifier`,`acl_entries`.`permission` AS `permission`,`acl_entries`.`created_by` AS `created_by`,`acl_entries`.`created_at` AS `created_at` from `acl_entries` where `acl_entries`.`zone_file_id` is not null and `acl_entries`.`subject_type` is not null and `acl_entries`.`subject_identifier` is not null */;
/*!50001 SET character_set_client      = @saved_cs_client */;
/*!50001 SET character_set_results     = @saved_cs_results */;
/*!50001 SET collation_connection      = @saved_col_connection */;
/*!40103 SET TIME_ZONE=@OLD_TIME_ZONE */;

/*!40101 SET SQL_MODE=@OLD_SQL_MODE */;
/*!40014 SET FOREIGN_KEY_CHECKS=@OLD_FOREIGN_KEY_CHECKS */;
/*!40014 SET UNIQUE_CHECKS=@OLD_UNIQUE_CHECKS */;
/*!40101 SET CHARACTER_SET_CLIENT=@OLD_CHARACTER_SET_CLIENT */;
/*!40101 SET CHARACTER_SET_RESULTS=@OLD_CHARACTER_SET_RESULTS */;
/*!40101 SET COLLATION_CONNECTION=@OLD_COLLATION_CONNECTION */;
/*!40111 SET SQL_NOTES=@OLD_SQL_NOTES */;

-- Dump completed on 2025-12-08 22:33:41
